ID;Term;Order;Pos X;Pos Y;Pos Z;First reaction time;Number of edits;Total reaction time;Hand
PCZ001;depresivní;6;-0.1222126;-0.02296653;0.09566563;4.854126;0;4.854126;P
PCZ001;neuvěřitelný;1;0.1465039;0.003709644;-0.06996614;15.11624;0;15.11624;P
PCZ001;nadšený;20;0.0481934;0.09997396;-0.1077613;5.721558;0;5.721558;P
PCZ001;fantastický;17;0.1674685;0.05542116;-0.09573941;10.0419;0;10.0419;P
PCZ001;spokojený;26;0.01054001;0.06280439;-0.1504748;6.588928;0;6.588928;P
PCZ001;přátelský;2;0.1880861;-0.02308574;-0.1168792;10.0419;0;10.0419;P
PCZ001;pohodový;4;-0.01928405;-0.0877946;-0.04329823;5.321167;0;5.321167;P
PCZ001;uvolněný;22;-0.1179753;-0.1147871;-0.1322121;6.639008;0;6.639008;P
PCZ001;příjemný;28;-0.0567281;0.01752445;-0.180759;3.736633;0;3.736633;P
PCZ001;poklidný;27;0.03678621;-0.02204338;-0.188601;3.869995;0;3.869995;P
PCZ001;prudký;15;0.007871493;0.05262558;0.1780566;6.655701;0;6.655701;P
PCZ001;extrémní;18;-0.1827385;0.05559634;0.1141505;12.37723;0;12.37723;P
PCZ001;mohutný;14;0.002924145;0.01744539;-0.009458803;6.188599;0;6.188599;P
PCZ001;neutrální;19;0.007351561;-0.08007163;-0.04717623;6.722412;0;6.722412;P
PCZ001;střední;10;0.01623872;-0.07635403;-0.005168381;5.137695;0;5.137695;P
PCZ001;skleslý;11;-0.05294037;-0.1435826;0.129647;5.121033;0;5.121033;P
PCZ001;obyčejný;29;0.009966276;-0.04112691;-0.01503414;3.719849;0;3.719849;P
PCZ001;bezradný;12;0.1057274;-0.1319276;0.09987703;5.070984;0;5.070984;P
PCZ001;drsný;8;0.03019951;-0.05603039;0.1725649;9.391327;0;9.391327;P
PCZ001;pochmurný;16;-0.0197327;-0.05344269;0.1811127;8.523926;0;8.523926;P
PCZ001;nedůvěřivý;13;-0.1356479;0.002224028;0.1024326;6.272003;0;6.272003;P
PCZ001;agresivní;24;0.1036585;0.1793154;0.1704811;6.972595;0;6.972595;P
PCZ001;zamračený;5;0.08404294;-0.1095986;0.1184825;7.056;0;7.056;P
PCZ001;nepříjemný;25;-0.1961711;0.04970127;0.01253564;5.271118;0;5.271118;P
PCZ001;zuřivý;21;0.1541561;0.1680634;0.1428698;6.205292;0;6.205292;P
PCZ001;nudný;30;0.007533049;-0.1469735;0.006405231;6.522217;0;6.522217;P
PCZ001;zvyklý;7;0.009840458;-0.1314858;0.08026221;5.588104;0;5.588104;P
PCZ001;spící;3;0.01213539;-0.1664366;-0.04239649;4.87085;0;4.87085;P
PCZ001;hrozivý;23;-0.05685799;0.1289695;0.1538714;8.140259;0;8.140259;P
PCZ001;běžný;9;-0.004430901;-0.1520968;0.05089382;6.255341;0;6.255341;P
PCZ002;příjemný;10;-0.004493378;0.1012395;-0.1412048;23.3866;0;23.3866;P
PCZ002;mohutný;20;0.09163433;0.1489524;-0.1352927;5.971741;0;5.971741;P
PCZ002;extrémní;13;-0.1176335;0.1746379;0.03976322;16.84772;0;16.84772;P
PCZ002;prudký;25;-0.1015142;0.07256077;-0.07498097;6.071777;0;6.071777;P
PCZ002;poklidný;21;0.04581368;0.03363761;-0.1438866;11.87677;0;11.87677;P
PCZ002;neuvěřitelný;19;0.06095188;0.1091432;-0.02683691;10.94269;0;10.94269;P
PCZ002;přátelský;23;0.1274985;0.09983085;-0.1156521;12.91101;0;12.91101;P
PCZ002;spokojený;28;0.1234556;0.0887178;-0.144063;8.724121;0;8.724121;P
PCZ002;fantastický;22;0.1170424;0.1926069;-0.06499177;5.905029;0;5.905029;P
PCZ002;nadšený;27;0.1624785;0.1388353;-0.1435547;14.06201;0;14.06201;P
PCZ002;neutrální;11;-0.003287757;0.04705921;-0.05928064;8.440491;0;8.440491;P
PCZ002;pohodový;17;0.0556776;0.06398366;-0.1420293;8.607361;0;8.607361;P
PCZ002;střední;1;-0.008527368;0.002818376;-0.06245775;26.95963;0;26.95963;P
PCZ002;uvolněný;12;0.1325486;0.1387532;-0.1415029;12.19373;0;12.19373;P
PCZ002;běžný;24;0.04806704;0.07363157;-0.1197453;3.402893;0;3.402893;P
PCZ002;obyčejný;14;-0.0002013199;0.1354033;-0.04397857;20.16711;0;20.16711;P
PCZ002;skleslý;26;-0.09314918;-0.1200004;-0.02747131;6.70575;0;6.70575;P
PCZ002;bezradný;3;0.1659286;-0.1647621;-0.01845073;10.99268;0;10.99268;P
PCZ002;drsný;6;0.0731926;0.04386342;-0.08616315;17.98199;0;17.98199;P
PCZ002;pochmurný;5;-0.1216455;-0.08455703;0.01326422;15.64667;0;15.64667;P
PCZ002;zamračený;29;-0.1298423;0.05305211;-0.08092297;5.137756;0;5.137756;P
PCZ002;nedůvěřivý;2;-0.1196244;-0.1772693;-0.1217256;8.123627;0;8.123627;P
PCZ002;depresivní;9;0.1809393;-0.1689004;-0.1577486;15.02948;0;15.02948;P
PCZ002;hrozivý;15;-0.1182061;0.09949349;-0.01807805;12.07684;1;15.61322;P
PCZ002;nepříjemný;8;-0.1373447;0.08537368;-0.07075696;32.62775;0;32.62775;P
PCZ002;zuřivý;4;0.1140476;0.1223959;-0.04812844;23.70355;0;23.70355;P
PCZ002;nudný;7;0.0009613137;-0.0157395;0.09303564;14.31226;0;14.31226;P
PCZ002;zvyklý;30;0.05131495;0.0911641;-0.03537239;7.523071;0;7.523071;P
PCZ002;agresivní;18;-0.1302474;0.1250561;-0.1500594;7.706665;0;7.706665;P
PCZ002;spící;16;0.1586292;-0.1870901;-0.1295117;10.25873;0;10.25873;P
PCZ003;neutrální;20;0.002425195;0.05791806;-0.05327037;6.588989;0;6.588989;P
PCZ003;mohutný;8;-0.1835363;0.1809114;-0.09463312;13.92859;0;13.92859;P
PCZ003;extrémní;23;-0.007489863;0.1825907;0.003235637;5.187744;0;5.187744;P
PCZ003;prudký;6;0.1483379;0.09359048;0.1048524;11.86011;0;11.86011;P
PCZ003;poklidný;2;-0.1184315;-0.1577839;-0.1970404;12.72766;1;17.93201;P
PCZ003;pohodový;29;-0.008726735;0.04835895;-0.1122136;7.856812;0;7.856812;P
PCZ003;uvolněný;21;0.002920601;0.01428404;-0.1776918;9.52478;0;9.52478;P
PCZ003;přátelský;25;0.07311163;0.06860052;-0.1687349;7.589844;0;7.589844;P
PCZ003;spokojený;5;-0.02523016;0.1231332;-0.08116864;6.65564;0;6.65564;P
PCZ003;fantastický;13;-0.002704018;0.1462999;-0.137425;6.005249;0;6.005249;P
PCZ003;nadšený;11;0.1334781;0.1444388;-0.1245445;9.674927;0;9.674927;P
PCZ003;střední;16;-0.009040945;0.06357966;-0.0351415;6.789063;0;6.789063;P
PCZ003;příjemný;17;-0.009826605;0.0277898;-0.1061189;9.191162;0;9.191162;P
PCZ003;běžný;12;-0.00039179;0.04344893;-0.03858492;6.972534;0;6.972534;P
PCZ003;neuvěřitelný;7;-0.001434079;0.1822706;-0.01292996;10.54224;0;10.54224;P
PCZ003;spící;9;-0.01273785;-0.1599682;-0.02483721;9.658325;0;9.658325;P
PCZ003;zvyklý;27;-0.008928276;-0.1109714;-0.09218197;6.405518;0;6.405518;P
PCZ003;nudný;24;-0.01120046;-0.1394827;0.04465737;5.738159;0;5.738159;P
PCZ003;zuřivý;14;0.08731612;0.1955812;0.05550495;16.51404;1;21.70178;P
PCZ003;nepříjemný;15;-0.002815376;0.1862084;0.04442954;7.389648;0;7.389648;P
PCZ003;hrozivý;10;-0.002773032;0.1988987;0.07123358;12.97766;0;12.97766;P
PCZ003;nedůvěřivý;3;0.1022592;-0.0780443;0.05648899;8.790771;0;8.790771;P
PCZ003;zamračený;26;-0.1479324;0.01872405;-0.0365552;6.805786;0;6.805786;P
PCZ003;pochmurný;4;-0.1095712;-0.02865928;0.04039582;9.458008;0;9.458008;P
PCZ003;drsný;30;0.1053337;0.1027741;0.04307815;7.055908;0;7.055908;P
PCZ003;bezradný;19;-0.1684003;-0.1524579;-0.02741005;5.45459;0;5.45459;P
PCZ003;skleslý;18;-0.005663183;-0.1439837;-0.04574194;8.056885;0;8.056885;P
PCZ003;depresivní;22;-0.05485842;-0.06867075;0.0420355;7.122803;0;7.122803;P
PCZ003;obyčejný;28;-0.002634907;0.05212651;-0.02716925;5.120972;0;5.120972;P
PCZ003;agresivní;1;-0.01126227;0.1791261;0.02063853;16.16711;0;16.16711;P
PCM004;depresivní;21;-0.1860015;-0.02172652;-0.1516235;12.17676;0;12.17676;P
PCM004;běžný;28;0.002953025;-0.1758382;0.001652281;10.04102;0;10.04102;P
PCM004;spokojený;9;-0.1012335;-0.1496693;0.1500694;16.46387;0;16.46387;P
PCM004;přátelský;2;0.01237075;-0.009564996;0.11229;16.78125;0;16.78125;P
PCM004;pohodový;13;-0.1034834;-0.02094147;0.1142053;12.79395;1;17.06348;P
PCM004;uvolněný;27;-0.1604864;0.004326403;0.108877;10.05859;0;10.05859;P
PCM004;příjemný;8;-0.1465611;0.02162883;0.1037682;26.43945;0;26.43945;P
PCM004;poklidný;1;-0.001977774;-0.134877;0.1330478;26.50977;1;33.83301;P
PCM004;prudký;24;0.1443472;0.1339241;-0.1481099;16.33105;1;20.71777;P
PCM004;extrémní;23;-0.0018527;0.1624577;-0.04964684;19.5166;0;19.5166;P
PCM004;mohutný;11;0.008340085;0.1750265;-0.008604481;13.24414;0;13.24414;P
PCM004;neutrální;19;-0.001841001;-0.1718886;-0.007361808;11.79395;0;11.79395;P
PCM004;střední;16;0.003532077;0.01132536;-0.03379291;9.858398;0;9.858398;P
PCM004;neuvěřitelný;6;0.1264756;0.1586941;0.08262255;13.8623;0;13.8623;P
PCM004;fantastický;15;0.0588573;0.07646154;0.04919477;16.51367;0;16.51367;P
PCM004;obyčejný;4;0.005566836;-0.03497797;-0.01621288;12.44336;0;12.44336;P
PCM004;zvyklý;18;0.1681243;-0.003688544;-0.01161279;23.70313;0;23.70313;P
PCM004;nudný;5;0.003623151;-0.1913239;-0.1395839;26.90625;0;26.90625;P
PCM004;zuřivý;12;0.1403184;0.1233726;-0.1609356;15.17969;0;15.17969;P
PCM004;nepříjemný;3;0.02576586;-0.1718592;-0.1798603;12.31055;0;12.31055;P
PCM004;hrozivý;7;-0.002616395;0.1220261;-0.1231036;9.191406;0;9.191406;P
PCM004;agresivní;30;0.05867231;0.1351179;-0.1436402;19.04883;0;19.04883;P
PCM004;nedůvěřivý;20;0.1641053;0.1463485;-0.1506702;7.990234;0;7.990234;P
PCM004;zamračený;29;-0.0002456821;-0.1761121;-0.07901563;6.805664;0;6.805664;P
PCM004;pochmurný;26;-0.167161;-0.1687703;-0.1634959;28.19043;0;28.19043;P
PCM004;drsný;25;0.1180482;0.1124713;-0.04221136;16.71387;0;16.71387;P
PCM004;bezradný;22;-0.1574597;-0.1718641;-0.1672146;8.924805;0;8.924805;P
PCM004;skleslý;14;-0.1431506;0.1399746;-0.03174504;17.98242;0;17.98242;P
PCM004;spící;17;-0.1280909;-0.1201964;0.02821068;20.91797;0;20.91797;P
PCM004;nadšený;10;0.149522;0.1232646;0.1154744;15.98047;0;15.98047;P
PCZ005;fantastický;28;-0.001856439;0.1240603;-0.1767108;4.9375;0;4.9375;P
PCZ005;nadšený;11;0.001238372;0.1710574;-0.1131882;6.722412;0;6.722412;P
PCZ005;obyčejný;24;0.002787351;-0.1453208;-0.02134594;6.038574;0;6.038574;P
PCZ005;přátelský;3;0.004152843;0.07310025;-0.1977734;9.774902;1;21.50159;P
PCZ005;uvolněný;14;0.004938181;-0.1972655;-0.1633036;10.57568;1;12.71082;P
PCZ005;příjemný;7;0.01091895;0.03228012;-0.1904695;20.36731;0;20.36731;P
PCZ005;poklidný;15;0.01279769;-0.1852662;-0.1700498;4.787476;0;4.787476;P
PCZ005;prudký;29;0.01625906;0.1432811;-0.1462218;6.705811;0;6.705811;P
PCZ005;extrémní;25;-0.003515175;0.1867491;0.003809479;5.00415;0;5.00415;P
PCZ005;mohutný;20;-0.0428275;0.05321901;-0.02440101;77.38257;0;77.38257;P
PCZ005;neutrální;5;0.005567188;-0.03991196;-0.008765509;6.705688;0;6.705688;P
PCZ005;střední;8;-0.001895951;-0.04069254;-0.02958737;5.254517;0;5.254517;P
PCZ005;běžný;30;-0.006293345;-0.1759936;-0.1285915;3.536133;0;3.536133;P
PCZ005;neuvěřitelný;22;-0.1463142;0.1666007;-0.01018878;9.975098;0;9.975098;P
PCZ005;spící;23;4.950866e-05;-0.1807869;-0.01453072;7.940186;0;7.940186;P
PCZ005;zvyklý;16;0.1640934;-0.1680702;-0.1817043;5.404663;0;5.404663;P
PCZ005;spokojený;27;-0.0004621248;-0.194933;-0.165133;7.523193;0;7.523193;P
PCZ005;nudný;4;-0.1431347;-0.1200275;0.08454019;7.272827;0;7.272827;P
PCZ005;zuřivý;17;-0.002791102;0.1773323;0.05511564;5.404663;1;15.8136;P
PCZ005;nepříjemný;18;0.1537458;-0.1163341;0.08613424;4.787354;0;4.787354;P
PCZ005;hrozivý;12;-0.108502;0.1357313;0.1929175;10.17542;0;10.17542;P
PCZ005;agresivní;2;0.007122854;-0.0003767312;0.04363138;12.52734;0;12.52734;P
PCZ005;nedůvěřivý;19;-0.00254625;-0.1901957;0.08837834;5.671509;0;5.671509;P
PCZ005;zamračený;21;0.01135533;0.05478708;0.163009;12.97754;0;12.97754;P
PCZ005;pochmurný;26;0.009853591;-0.1482226;0.1185622;4.804199;0;4.804199;P
PCZ005;drsný;1;-0.001430007;-0.1693173;0.009904391;15.8501;0;15.8501;P
PCZ005;bezradný;10;0.00372042;0.1246368;0.1719875;6.722412;0;6.722412;P
PCZ005;skleslý;13;0.001909467;-0.1992831;-0.004234943;4.603882;0;4.603882;P
PCZ005;depresivní;6;0.009245983;-0.1425329;0.1858378;17.18127;0;17.18127;P
PCZ005;pohodový;9;0.00398112;0.1777933;-0.08646651;7.3396;0;7.3396;P
PCZ006;drsný;16;0.01577169;0.1046606;0.133184;14.24548;0;14.24548;P
PCZ006;pochmurný;4;-0.1356249;-0.1566341;-0.06872798;16.11365;0;16.11365;P
PCZ006;bezradný;26;-0.1694839;0.113037;-0.0952437;9.191162;0;9.191162;P
PCZ006;zamračený;30;-0.1441562;-0.1409517;0.008246413;14.32898;0;14.32898;P
PCZ006;nedůvěřivý;2;-0.1061451;-0.02430946;0.06627442;15.84692;1;35.83057;P
PCZ006;agresivní;3;-0.1172548;0.07002459;0.1226642;8.273682;0;8.273682;P
PCZ006;hrozivý;18;-0.1296527;0.1119417;-0.003651802;12.64417;0;12.64417;P
PCZ006;nepříjemný;23;-0.1525402;-0.00839889;-0.1532013;5.85498;0;5.85498;P
PCZ006;zuřivý;29;-0.1483361;0.08817832;0.1026008;12.0603;0;12.0603;P
PCZ006;nudný;22;-0.06237804;-0.1608805;-0.1552453;8.540649;0;8.540649;P
PCZ006;zvyklý;8;0.08190779;-0.1385569;-0.0956826;11.3429;0;11.3429;P
PCZ006;spící;14;-0.01009274;-0.0564608;-0.1073247;12.84436;0;12.84436;P
PCZ006;obyčejný;28;0.01589657;-0.1556057;-0.1578615;9.858398;0;9.858398;P
PCZ006;běžný;25;-0.00243903;-0.03666309;-0.1475429;11.92688;0;11.92688;P
PCZ006;střední;27;-0.0004637518;-0.07309052;-0.1643833;11.72668;0;11.72668;P
PCZ006;neutrální;11;0.006682388;-0.06959635;-0.1333964;9.12439;0;9.12439;P
PCZ006;mohutný;7;0.006740819;0.1246934;0.06288962;13.01111;0;13.01111;P
PCZ006;extrémní;13;0.008280405;0.131435;0.09890342;11.50977;0;11.50977;P
PCZ006;prudký;24;-0.003969771;0.1481733;0.02418774;10.37549;2;21.76855;P
PCZ006;poklidný;19;0.1321066;-0.0509558;-0.148958;11.84338;0;11.84338;P
PCZ006;příjemný;5;0.135927;-0.03606835;-0.1237949;12.66077;0;12.66077;P
PCZ006;uvolněný;1;0.1639763;0.006660759;-0.0466452;21.08801;0;21.08801;P
PCZ006;pohodový;15;0.1380258;-0.07995066;-0.1396878;16.38062;0;16.38062;P
PCZ006;přátelský;10;0.1599195;-0.03383264;0.02871581;19.78357;0;19.78357;P
PCZ006;spokojený;20;0.1803656;0.03460872;-0.1336669;11.99353;0;11.99353;P
PCZ006;fantastický;9;0.1334882;0.1585718;0.06784444;11.30969;0;11.30969;P
PCZ006;nadšený;6;0.1778763;0.08481865;0.1100836;12.46057;0;12.46057;P
PCZ006;neuvěřitelný;17;0.08448096;0.04597369;0.181128;12.64417;0;12.64417;P
PCZ006;skleslý;12;-0.1585293;-0.1288148;-0.156358;10.77588;0;10.77588;P
PCZ006;depresivní;21;-0.148907;0.151396;-0.01557191;12.66077;0;12.66077;P
PCZ007;střední;20;0.03558234;-0.07430825;0.09722923;6.789063;0;6.789063;P
PCZ007;fantastický;21;-0.03924011;0.09557484;0.002322156;5.120972;0;5.120972;P
PCZ007;skleslý;10;0.007472473;-0.09144419;0.1113627;6.588989;0;6.588989;P
PCZ007;bezradný;8;-0.02447436;-0.1859673;0.1308597;5.78833;0;5.78833;P
PCZ007;drsný;15;-0.005353574;-0.1895297;0.09048824;4.854004;0;4.854004;P
PCZ007;pochmurný;19;0.1275928;-0.1516089;-0.01374875;6.388794;0;6.388794;P
PCZ007;zamračený;7;0.03428186;-0.1348301;0.1335763;5.988403;0;5.988403;P
PCZ007;nedůvěřivý;16;-0.1177269;-0.1921752;-0.004849695;5.721436;0;5.721436;P
PCZ007;agresivní;13;0.1450544;-0.1975248;0.06792846;6.655762;0;6.655762;P
PCZ007;hrozivý;24;0.01249014;-0.184662;0.04291103;4.003418;0;4.003418;P
PCZ007;nepříjemný;22;0.0004309865;-0.1726933;-0.0404146;6.338745;0;6.338745;P
PCZ007;zuřivý;28;-0.08061692;-0.1298297;-0.1187976;5.721558;0;5.721558;P
PCZ007;nudný;2;-0.04417379;-0.1889894;0.07206542;12.86096;0;12.86096;P
PCZ007;zvyklý;6;0.0483845;-0.09068742;0.08836588;8.657349;0;8.657349;P
PCZ007;spící;12;0.003746893;-0.1019327;0.1051729;6.271973;0;6.271973;P
PCZ007;obyčejný;14;0.0007130055;-0.06147105;0.07649527;5.454712;0;5.454712;P
PCZ007;běžný;26;0.02950934;-0.05782795;0.06569548;4.52063;0;4.52063;P
PCZ007;neutrální;4;-0.002361269;-0.02950898;0.01557742;9.791626;0;9.791626;P
PCZ007;mohutný;25;-0.02415298;-0.05820841;0.03310044;7.272827;0;7.272827;P
PCZ007;extrémní;29;-0.04379525;0.02668056;-0.01232435;7.940186;0;7.940186;P
PCZ007;prudký;11;-0.1178065;-0.1387431;0.04342866;13.92859;0;13.92859;P
PCZ007;poklidný;23;-0.01035274;-0.008754909;0.03950667;5.27124;0;5.27124;P
PCZ007;příjemný;30;0.05569269;0.1347257;0.009868044;5.521362;0;5.521362;P
PCZ007;uvolněný;9;-0.00137169;0.07368736;0.06775102;5.921631;0;5.921631;P
PCZ007;pohodový;5;-0.07885801;0.0611475;0.02101493;6.855835;0;6.855835;P
PCZ007;přátelský;27;-0.01078601;0.09794872;0.02093522;6.538818;0;6.538818;P
PCZ007;spokojený;1;0.0001791221;0.1261938;0.09335878;36.21765;0;36.21765;P
PCZ007;nadšený;17;-0.07390168;0.07770602;-0.01245349;5.871704;0;5.871704;P
PCZ007;depresivní;3;0.07726356;-0.1972034;0.1013547;6.789063;0;6.789063;P
PCZ007;neuvěřitelný;18;0.005741565;0.0840141;0.05212726;5.387939;0;5.387939;P
PCZ008;depresivní;3;0.001820067;-0.1750691;-0.011034;24.17059;1;31.15991;P
PCZ008;fantastický;17;0.04363243;0.1632614;-0.0973791;4.920776;0;4.920776;P
PCZ008;spokojený;16;-0.004696283;0.1728389;-0.02837343;8.657349;0;8.657349;P
PCZ008;přátelský;5;0.008417004;0.1462225;-0.1729605;17.84851;1;51.54382;P
PCZ008;pohodový;20;0.03021343;-0.08236766;-0.071134;7.990112;0;7.990112;P
PCZ008;uvolněný;21;0.01245216;-0.06322059;-0.04145816;17.38135;0;17.38135;P
PCZ008;příjemný;7;0.0259742;0.1575942;-0.1119277;27.7569;0;27.7569;P
PCZ008;poklidný;15;-0.006320261;-0.158921;-0.02634356;6.805786;0;6.805786;P
PCZ008;prudký;11;-0.1208928;0.1430377;-0.1713094;46.20593;0;46.20593;P
PCZ008;extrémní;9;0.09740852;0.1661652;-0.1103753;6.238647;0;6.238647;P
PCZ008;mohutný;8;0.00075011;0.150652;-0.006216339;7.3396;1;17.34814;P
PCZ008;neutrální;28;-0.005756776;0.02607131;-0.0802781;6.322021;0;6.322021;P
PCZ008;střední;13;-0.0009419014;0.03219229;-0.06974107;10.0752;0;10.0752;P
PCZ008;nadšený;26;-0.002747516;0.1748926;-0.07879825;5.588135;0;5.588135;P
PCZ008;běžný;6;-0.003213889;0.04696843;-0.1001908;16.11359;0;16.11359;P
PCZ008;spící;18;-0.1482137;-0.1590136;0.02331281;14.46228;0;14.46228;P
PCZ008;zvyklý;12;-0.07405469;0.01096869;-0.1032217;11.97681;0;11.97681;P
PCZ008;nudný;22;-0.03766683;-0.1675006;-0.007049381;12.44385;0;12.44385;P
PCZ008;zuřivý;30;0.1575161;0.1035482;-0.04509107;6.522095;0;6.522095;P
PCZ008;nepříjemný;19;-0.03131332;-0.1843155;-0.1626486;18.98279;0;18.98279;P
PCZ008;hrozivý;23;0.1315026;0.1723495;0.06003726;12.2605;0;12.2605;P
PCZ008;agresivní;10;0.1046489;0.1624272;0.007456608;9.724854;1;17.46484;P
PCZ008;nedůvěřivý;1;-0.1598364;-0.1619066;0.1378529;22.6059;1;29.3783;P
PCZ008;zamračený;2;-0.001901677;-0.164264;-0.1169316;15.04614;0;15.04614;P
PCZ008;pochmurný;25;-0.006033069;-0.1732151;0.07661879;5.921753;0;5.921753;P
PCZ008;drsný;4;0.1754331;-0.008459896;-0.02385781;15.91351;0;15.91351;P
PCZ008;bezradný;29;-0.1625221;-0.1670362;-0.08939572;9.191162;0;9.191162;P
PCZ008;obyčejný;14;-0.01241489;0.02351815;-0.08305545;7.205811;0;7.205811;P
PCZ008;skleslý;27;0.002075533;-0.1756141;0.007836289;3.603149;0;3.603149;P
PCZ008;neuvěřitelný;24;-0.1385106;0.1836729;0.006560496;15.78003;0;15.78003;P
PCZ009;neuvěřitelný;27;-0.1857488;0.1493075;-0.0526654;7.323242;0;7.323242;P
PCZ009;drsný;4;-0.1367503;0.01436594;0.1340553;11.25879;0;11.25879;P
PCZ009;pochmurný;30;-0.1280133;-0.04497454;0.08153872;12.72754;0;12.72754;P
PCZ009;zamračený;13;-0.131832;-0.06532532;-0.04560718;5.137695;0;5.137695;P
PCZ009;nedůvěřivý;22;0.07688691;0.1415464;0.0264818;4.788086;0;4.788086;P
PCZ009;agresivní;10;0.1710729;0.08094297;-0.1076619;7.523438;0;7.523438;P
PCZ009;hrozivý;17;0.09213804;0.1596721;0.06783994;5.788086;0;5.788086;P
PCZ009;nepříjemný;9;-0.05857265;-0.1769821;-0.1656629;14.46289;0;14.46289;P
PCZ009;zuřivý;29;-0.0008503945;0.007178932;-0.1796561;7.990234;0;7.990234;P
PCZ009;nudný;3;0.04823997;-0.06380713;-0.07212483;8.574219;0;8.574219;P
PCZ009;zvyklý;11;-0.0002853885;-0.0222671;-0.05793225;4.470703;0;4.470703;P
PCZ009;spící;28;-0.1356199;-0.1733299;-0.1554317;12.06055;0;12.06055;P
PCZ009;obyčejný;21;0.004763116;-0.03028005;-0.01725061;4.404297;0;4.404297;P
PCZ009;depresivní;7;-0.1433945;-0.1535426;0.09343406;5.003906;0;5.003906;P
PCZ009;běžný;25;0.01008263;-0.03239018;-0.03150661;3.385742;0;3.385742;P
PCZ009;neutrální;23;0.00908994;0.03339428;-0.03549302;5.071289;0;5.071289;P
PCZ009;mohutný;24;0.008786143;0.1680906;0.02614108;3.719727;0;3.719727;P
PCZ009;extrémní;20;0.1851103;0.1656576;-0.1853368;11.59375;0;11.59375;P
PCZ009;prudký;5;0.1801621;0.1072221;0.1356873;7.939453;0;7.939453;P
PCZ009;poklidný;26;0.1077171;-0.02331373;-0.05818352;4.670898;0;4.670898;P
PCZ009;příjemný;18;-0.0514804;-0.07249931;-0.09665634;3.453125;0;3.453125;P
PCZ009;uvolněný;1;0.07621877;-0.1194379;-0.02935928;13.41504;0;13.41504;P
PCZ009;pohodový;16;-0.08597583;-0.03827727;-0.06000942;4.737305;0;4.737305;P
PCZ009;přátelský;15;-0.05040904;0.06141411;0.1037943;4.636719;0;4.636719;P
PCZ009;spokojený;12;0.1093062;0.05112301;-0.08456849;5.904297;0;5.904297;P
PCZ009;fantastický;8;0.1345945;0.09081285;0.1045112;7.123047;0;7.123047;P
PCZ009;nadšený;14;0.1185861;0.131643;0.02407467;4.737305;0;4.737305;P
PCZ009;střední;6;0.007165198;-0.1341636;0.05440955;8.574219;0;8.574219;P
PCZ009;bezradný;19;-0.176763;-0.1835916;0.1630579;7.806641;1;12.72754;P
PCZ009;skleslý;2;-0.1479528;-0.1595133;-0.1472522;15.51367;0;15.51367;P
PCM010;skleslý;15;-0.1455444;-0.1470816;-0.1726324;9.658203;0;9.658203;P
PCM010;depresivní;16;-0.1484113;-0.1191779;-0.1777994;11.05859;0;11.05859;P
PCM010;neuvěřitelný;17;0.0007500351;0.1676493;0.1438942;11.57617;0;11.57617;P
PCM010;nadšený;24;0.1658119;0.183221;0.1065139;3.103516;0;3.103516;P
PCM010;fantastický;28;0.1595973;0.1491552;0.1351177;9.574219;0;9.574219;P
PCM010;spokojený;22;0.1594937;0.1631549;-0.1161558;9.974609;0;9.974609;P
PCM010;přátelský;13;0.1462777;0.1747479;0.08954269;6.255859;0;6.255859;P
PCM010;pohodový;26;0.171719;0.1499694;-0.09117914;7.740234;0;7.740234;P
PCM010;uvolněný;19;0.163913;0.1265507;-0.1310987;10.72461;0;10.72461;P
PCM010;příjemný;9;0.1711574;0.143622;-0.08536588;8.324219;0;8.324219;P
PCM010;poklidný;6;0.1871996;0.1129819;-0.09127137;14.72852;0;14.72852;P
PCM010;prudký;18;0.1529539;0.1574968;0.01549125;9.724609;0;9.724609;P
PCM010;extrémní;25;0.1055665;0.179158;0.009667188;4.337891;0;4.337891;P
PCM010;mohutný;7;0.1531446;0.1528848;0.1301723;8.474609;0;8.474609;P
PCM010;neutrální;27;7.12973e-05;0.0402889;-0.05616838;2.652344;1;6.253906;P
PCM010;obyčejný;5;-0.01489894;0.05824183;-0.1093048;13.64453;0;13.64453;P
PCM010;běžný;12;-0.003956307;0.05543099;-0.05196898;6.990234;0;6.990234;P
PCM010;střední;30;-0.009811964;0.07640933;-0.09231435;6.572266;0;6.572266;P
PCM010;drsný;8;0.150213;0.152138;-0.0456885;18.71484;0;18.71484;P
PCM010;pochmurný;14;-0.1471811;-0.1354471;-0.1578407;3.71875;0;3.71875;P
PCM010;zamračený;29;-0.1032134;-0.05222312;-0.1375893;8.875;0;8.875;P
PCM010;nedůvěřivý;11;-0.1232994;0.007731467;-0.00973531;16.33008;0;16.33008;P
PCM010;agresivní;21;-0.1703795;0.1305505;0.02132298;10.85938;0;10.85938;P
PCM010;bezradný;1;-0.1418402;-0.1375512;-0.1792102;26.54102;0;26.54102;P
PCM010;nepříjemný;4;-0.1246246;0.07306825;-0.1766405;5.388672;0;5.388672;P
PCM010;zuřivý;23;-0.124274;0.1910812;0.02760594;9.673828;0;9.673828;P
PCM010;nudný;3;-0.1417459;-0.1318895;-0.1722533;9.591797;0;9.591797;P
PCM010;zvyklý;20;-0.003296593;0.138497;-0.01080807;5.121094;0;5.121094;P
PCM010;spící;10;-0.1577768;0.1630542;0.122599;9.191406;0;9.191406;P
PCM010;hrozivý;2;-0.1350206;0.1687609;-0.1844762;12.50977;0;12.50977;P
PCM011;zvyklý;4;0.002276881;-0.01101401;0.04394033;13.41016;0;13.41016;L
PCM011;nudný;3;-0.02668021;-0.130319;0.03754449;11.92236;0;11.92236;L
PCM011;zuřivý;28;0.00833825;-0.08767152;0.01542489;7.742188;0;7.742188;L
PCM011;bezradný;24;0.002760074;-0.04651448;0.007883992;6.09082;0;6.09082;L
PCM011;nepříjemný;14;-0.01639301;-0.1702586;0.04782758;10.93018;0;10.93018;L
PCM011;nedůvěřivý;6;0.02490683;-0.1474044;0.03615622;6.189453;1;15.09033;L
PCM011;agresivní;12;0.009482998;-0.1304325;0.07471018;0.703125;1;17.6582;L
PCM011;zamračený;25;-0.006735133;-0.1425693;0.03208718;3.986328;0;3.986328;L
PCM011;pochmurný;29;-0.001117393;-0.1752904;0.04121848;3.974609;0;3.974609;L
PCM011;drsný;23;0.03856798;0.04965508;-0.03775141;20.30957;0;20.30957;L
PCM011;spící;16;-0.005457006;-0.05899042;0.03996133;13.4917;0;13.4917;L
PCM011;hrozivý;15;0.01490652;-0.1792539;0.04114553;8.407715;0;8.407715;L
PCM011;obyčejný;22;0.02870991;0.01488891;-0.01447517;0.8139648;1;8.132813;L
PCM011;poklidný;26;0.02504908;0.03000304;-0.05693148;8.277832;0;8.277832;L
PCM011;střední;30;0.005182137;-0.003092289;-0.00327185;7.938477;0;7.938477;L
PCM011;neutrální;8;0.005856902;0.03514457;-0.04141227;13.06641;0;13.06641;L
PCM011;mohutný;17;-0.0105546;-0.001701117;0.05765055;5.375488;0;5.375488;L
PCM011;extrémní;13;-0.007250254;-0.03338584;0.05687042;11.29443;0;11.29443;L
PCM011;prudký;5;0.0688334;-0.167838;0.05579448;9.391113;0;9.391113;L
PCM011;příjemný;11;-0.0144478;0.02574915;0.06431148;16.77979;0;16.77979;L
PCM011;uvolněný;21;-0.02557081;0.05109052;0.08670518;6.169922;0;6.169922;L
PCM011;pohodový;1;-0.08147636;0.05812119;0.0998464;21.54785;0;21.54785;L
PCM011;přátelský;7;-0.0256699;0.09009163;0.05831863;8.014648;0;8.014648;L
PCM011;spokojený;9;-0.04589408;0.06236111;0.06486994;12.66895;0;12.66895;L
PCM011;fantastický;19;-0.02235013;0.1598533;0.08375742;5.007813;0;5.007813;L
PCM011;nadšený;18;-0.01557394;0.1217307;0.04345758;0.7036133;1;6.537109;L
PCM011;skleslý;20;0.01069288;-0.1393068;0.02423959;5.389648;0;5.389648;L
PCM011;běžný;2;-0.06716228;-0.04862437;0.07621567;5.064941;0;5.064941;L
PCM011;neuvěřitelný;27;-0.002646138;0.01287782;-0.0202309;9.29248;0;9.29248;L
PCM011;depresivní;10;-0.001687533;-0.1704131;0.09358991;0.7128906;2;13.50244;L
PCM012;příjemný;25;-0.02316189;-0.1000488;-0.1110029;6.625244;0;6.625244;L
PCM012;bezradný;30;0.1139038;0.02124119;0.01361375;12.74756;0;12.74756;L
PCM012;drsný;2;-0.06210388;0.1045465;0.07744041;13.37524;0;13.37524;L
PCM012;pochmurný;6;-0.04587495;-0.08912882;0.02227786;17.72095;0;17.72095;L
PCM012;zamračený;16;-0.1527941;0.1079962;0.0683148;12.21655;0;12.21655;L
PCM012;nedůvěřivý;21;0.1017408;-0.05117404;-0.03223795;12.79956;0;12.79956;L
PCM012;agresivní;23;0.08608683;0.1227396;0.05942886;17.08765;0;17.08765;L
PCM012;hrozivý;20;0.09446182;0.1242612;0.1155608;12.01001;0;12.01001;L
PCM012;nepříjemný;12;0.1309166;0.1048452;0.01656442;10.77783;0;10.77783;L
PCM012;zuřivý;3;0.127496;-0.02373487;0.145156;17.69067;0;17.69067;L
PCM012;nudný;13;-0.1670865;0.08249842;0.05035398;20.40674;0;20.40674;L
PCM012;zvyklý;4;-0.09996513;-0.05681482;-0.05194129;16.04346;0;16.04346;L
PCM012;spící;17;-0.01160751;-0.1502723;0.01392088;15.47241;0;15.47241;L
PCM012;obyčejný;14;-0.02968089;-0.03120303;-0.0970085;14.78955;0;14.78955;L
PCM012;běžný;18;-0.02713925;-0.04367512;-0.1246932;8.03418;0;8.03418;L
PCM012;střední;24;0.01800751;0.01758498;-0.02244412;25.91895;0;25.91895;L
PCM012;neutrální;5;-0.02162551;4.53e-05;0.0369114;14.79834;0;14.79834;L
PCM012;mohutný;7;0.07556519;-0.01140615;-0.007090764;14.41577;0;14.41577;L
PCM012;extrémní;11;0.02734778;0.1706038;0.1809495;16.64038;0;16.64038;L
PCM012;prudký;9;-0.03763201;0.1495859;-0.09144966;31.77222;0;31.77222;L
PCM012;poklidný;15;-0.01788129;0.001460373;-0.1514895;12.24438;0;12.24438;L
PCM012;uvolněný;19;-0.01166658;0.111317;-0.1239963;10.67163;0;10.67163;L
PCM012;pohodový;1;-0.01868321;-0.1488434;-0.1239459;8.810547;0;8.810547;L
PCM012;přátelský;28;-0.0565475;-0.06596711;-0.0497147;16.62744;0;16.62744;L
PCM012;spokojený;26;0.06867813;0.0197252;-0.1133885;16.75757;0;16.75757;L
PCM012;fantastický;27;0.07844111;0.1071856;-0.05257376;26.86816;0;26.86816;L
PCM012;nadšený;22;0.0585423;0.1096801;-0.0415458;18.62866;0;18.62866;L
PCM012;neuvěřitelný;10;0.08675731;0.0827509;0.02714216;13.45361;0;13.45361;L
PCM012;skleslý;8;0.07720786;-0.1027792;0.03669771;8.12793;0;8.12793;L
PCM012;depresivní;29;-0.1320875;-0.1234844;0.07909498;7.800293;0;7.800293;L
PCZ013;skleslý;22;0.1556207;-0.03214821;-0.104508;12.0918;0;12.0918;P
PCZ013;nadšený;4;0.1388907;0.187309;0.1612871;9.839355;0;9.839355;P
PCZ013;neuvěřitelný;20;-0.1951595;0.1168117;-0.0472111;5.187988;0;5.187988;P
PCZ013;bezradný;6;-0.009675572;-0.1222742;-0.1924101;8.011719;0;8.011719;P
PCZ013;drsný;25;0.1243931;0.1860881;0.05729774;4.904785;0;4.904785;P
PCZ013;pochmurný;10;-0.1812334;-0.0676116;0.0531208;15.44189;0;15.44189;P
PCZ013;zamračený;9;0.09739776;-0.04553735;-0.1646327;5.150879;0;5.150879;P
PCZ013;nedůvěřivý;5;-0.1615221;-0.1323594;-0.1093404;9.967285;0;9.967285;P
PCZ013;agresivní;26;-0.1628672;0.1686805;-0.09866033;4.496582;0;4.496582;P
PCZ013;hrozivý;13;-0.02410887;0.1406967;0.08236428;20.26465;0;20.26465;P
PCZ013;nepříjemný;23;-0.1872445;-0.08949101;-0.01287151;3.886719;0;3.886719;P
PCZ013;zuřivý;27;0.1722036;0.1705513;-0.08830497;2.901367;0;2.901367;P
PCZ013;nudný;14;-0.008852088;-0.1969655;0.002932852;5.153809;0;5.153809;P
PCZ013;zvyklý;28;0.001797735;0.0174869;0.03090617;3.584473;0;3.584473;P
PCZ013;spící;1;-0.1375799;-0.1487449;-0.07766806;24.42383;0;24.42383;P
PCZ013;depresivní;17;0.03631627;-0.1558379;-0.1759406;3.890137;0;3.890137;P
PCZ013;běžný;2;-0.002676421;-0.1288864;0.003930566;0.6689453;1;4.674805;P
PCZ013;fantastický;19;0.1571591;0.1901736;0.1012774;4.283691;0;4.283691;P
PCZ013;spokojený;29;0.005473204;-0.07482001;-0.01935416;3.705078;0;3.705078;P
PCZ013;přátelský;8;-0.001176481;-0.04128039;0.09889385;3.055664;0;3.055664;P
PCZ013;pohodový;7;0.006583931;-0.01391286;0.06787708;6.850098;0;6.850098;P
PCZ013;uvolněný;3;-0.01470155;0.1830316;0.1536113;3.219238;0;3.219238;P
PCZ013;příjemný;12;-0.01155033;0.03990367;0.02401691;4.347168;0;4.347168;P
PCZ013;obyčejný;15;-0.1573113;-0.1444854;-0.1367464;7.534668;0;7.534668;P
PCZ013;prudký;21;-0.00464202;0.1961693;-0.01415685;9.644531;0;9.644531;P
PCZ013;extrémní;18;-0.005464974;0.1893559;0.1718967;4.879395;0;4.879395;P
PCZ013;mohutný;24;-0.004542389;0.0311048;0.007179163;10.18115;0;10.18115;P
PCZ013;neutrální;30;-8.56e-05;-0.1490442;-0.02104924;4.373047;0;4.373047;P
PCZ013;střední;11;-0.01101853;-0.06504837;-0.006887693;3.513672;0;3.513672;P
PCZ013;poklidný;16;0.1377032;-0.1379909;0.1155564;3.691406;0;3.691406;P
PCM014;neutrální;23;-0.00279631;-0.06660315;-0.02728077;5.175293;0;5.175293;P
PCM014;mohutný;10;-0.03124745;0.1030906;0.0478826;10.52539;0;10.52539;P
PCM014;extrémní;28;0.1180672;-0.018967;-0.04229997;5.165527;0;5.165527;P
PCM014;prudký;3;-0.01384988;-0.086171;0.1691123;11.57764;0;11.57764;P
PCM014;poklidný;29;-0.1654669;-0.1088763;-0.1426339;4.791992;0;4.791992;P
PCM014;pohodový;20;-0.1914486;-0.0114733;-0.1168946;3.298828;0;3.298828;P
PCM014;uvolněný;4;0.1463637;-0.02717647;-0.03001498;5.825195;0;5.825195;P
PCM014;přátelský;21;0.05342923;-0.1085599;0.1685742;3.005371;0;3.005371;P
PCM014;spokojený;9;-0.1861973;0.09967934;-0.0595543;15.87793;0;15.87793;P
PCM014;fantastický;14;0.09373441;0.005358487;-0.03458649;5.842773;0;5.842773;P
PCM014;střední;22;0.001317004;-0.003460348;-0.001687321;2.937012;0;2.937012;P
PCM014;neuvěřitelný;16;-0.1668382;0.0878766;0.164821;18.84033;0;18.84033;P
PCM014;příjemný;27;-0.08596499;0.09541576;-0.03196672;3.986328;0;3.986328;P
PCM014;nadšený;30;0.07605246;-0.08522695;-0.1400469;6.797852;0;6.797852;P
PCM014;běžný;26;-0.1499922;-0.0996117;-0.07910491;5.885742;0;5.885742;P
PCM014;spící;1;0.125449;-0.1646426;0.1134878;9.150879;0;9.150879;P
PCM014;obyčejný;18;-0.1196307;0.1274727;0.008682553;9.806152;0;9.806152;P
PCM014;depresivní;13;-0.1789645;-0.08843595;0.0782764;8.934082;0;8.934082;P
PCM014;skleslý;17;-0.09193607;-0.1642577;-0.07899906;7.94043;0;7.94043;P
PCM014;bezradný;7;0.1805578;0.1534596;0.06769262;23.96533;0;23.96533;P
PCM014;drsný;19;0.1619617;-0.003989518;-0.1251116;3.894043;0;3.894043;P
PCM014;pochmurný;2;-0.06218835;-0.1489732;0.1402979;7.594727;0;7.594727;P
PCM014;hrozivý;12;0.1490358;-0.1775461;0.1515782;16.36084;0;16.36084;P
PCM014;nedůvěřivý;5;-0.1769865;-0.1345599;0.1072111;14.39502;0;14.39502;P
PCM014;agresivní;25;0.1135544;-0.03972414;-0.1607852;5.108398;0;5.108398;P
PCM014;nepříjemný;8;0.01197565;-0.1714419;0.04635902;18.27246;0;18.27246;P
PCM014;zuřivý;11;-0.1662576;-0.05915463;-0.01390238;12.63721;0;12.63721;P
PCM014;nudný;15;-0.06543267;-0.1471347;-0.06098643;4.612793;0;4.612793;P
PCM014;zvyklý;6;-0.1218457;-0.1880016;-0.08362748;6.310059;0;6.310059;P
PCM014;zamračený;24;-0.154592;-0.05445844;0.005382162;6.879395;0;6.879395;P
PCM015;zvyklý;28;0.1449571;0.1750065;0.1245264;4.768555;0;4.768555;P
PCM015;nudný;6;-0.1463366;-0.1054692;0.1297781;3.423828;0;3.423828;P
PCM015;zuřivý;21;-0.1510054;-0.1270437;0.1747648;4.313477;0;4.313477;P
PCM015;nepříjemný;9;-0.1467168;-0.07986513;0.107086;16.61426;0;16.61426;P
PCM015;hrozivý;7;0.001595373;-0.08322752;-0.1853493;5.425781;0;5.425781;P
PCM015;agresivní;13;0.1435311;-0.1082915;0.1081947;4.621094;0;4.621094;P
PCM015;pochmurný;24;-0.1374974;-0.15643;0.158265;7.733398;0;7.733398;P
PCM015;zamračený;8;-0.06640282;-0.04932964;0.05370599;7.386719;0;7.386719;P
PCM015;drsný;27;0.1569462;0.03326985;-0.1155746;4.485352;0;4.485352;P
PCM015;bezradný;29;-0.1403566;-0.09492832;0.08895877;2.902344;0;2.902344;P
PCM015;skleslý;17;-0.09095998;-0.1005664;0.10488;5.239258;0;5.239258;P
PCM015;spící;22;-0.1494709;-0.07982069;0.1046405;4.50293;0;4.50293;P
PCM015;nedůvěřivý;10;-0.1119548;-0.113805;0.01502531;6.708984;0;6.708984;P
PCM015;depresivní;25;-0.147146;-0.1444423;0.169893;10.82715;0;10.82715;P
PCM015;obyčejný;16;-0.1444577;0.03094852;-0.113458;8.041992;0;8.041992;P
PCM015;střední;2;0.01913213;0.07041304;-0.06138127;5.033203;0;5.033203;P
PCM015;běžný;15;-0.005435388;-0.02052653;0.000390565;8.629883;0;8.629883;P
PCM015;neuvěřitelný;26;0.129576;0.04149181;-0.05920713;8.205078;3;23.36133;P
PCM015;nadšený;20;0.1400746;0.164135;0.09443349;8.198242;0;8.198242;P
PCM015;fantastický;12;0.1922157;0.1081291;-0.08420114;4.652344;0;4.652344;P
PCM015;přátelský;4;0.1654618;0.1212132;0.161462;7.37207;0;7.37207;P
PCM015;pohodový;19;0.1603052;0.1313431;-0.08696043;12.37305;0;12.37305;P
PCM015;spokojený;1;0.162515;0.142726;-0.04832387;4.288086;0;4.288086;P
PCM015;příjemný;23;0.1293073;0.02381241;0.1312146;11.13477;0;11.13477;P
PCM015;poklidný;11;0.1201612;0.0372088;-0.03437159;4.591797;0;4.591797;P
PCM015;prudký;30;-0.1035056;-0.1328758;0.06178742;10.95117;0;10.95117;P
PCM015;extrémní;5;-0.08685707;-0.08731011;-0.1489361;5.477539;0;5.477539;P
PCM015;mohutný;18;0.127754;0.04431894;-0.0300671;3.164063;0;3.164063;P
PCM015;neutrální;3;0.01076078;-0.01636869;0.03566087;5.695313;0;5.695313;P
PCM015;uvolněný;14;0.1372962;0.00366658;-0.0849037;2.828125;0;2.828125;P
PCM016;poklidný;15;0.1456012;-0.1772306;-0.1415141;3.344727;0;3.344727;P
PCM016;neutrální;8;0.009304885;-0.1476501;-0.001510529;6.230469;0;6.230469;P
PCM016;mohutný;26;0.007185529;0.1346969;-0.1381081;6.637695;0;6.637695;P
PCM016;extrémní;23;0.09751584;0.1433187;0.1652475;6.209961;0;6.209961;P
PCM016;prudký;3;0.002921001;-0.1738254;-0.1584858;5.766602;0;5.766602;P
PCM016;uvolněný;19;0.009661341;-0.1561166;-0.04800173;3.258789;0;3.258789;P
PCM016;neuvěřitelný;5;0.1011649;0.02261788;-0.08615944;7.669922;0;7.669922;P
PCM016;přátelský;14;0.1344065;-0.1264009;0.0628567;3.212891;0;3.212891;P
PCM016;spokojený;13;0.1505607;-0.1765227;0.04996178;4.509766;0;4.509766;P
PCM016;fantastický;1;0.08539525;0.01342151;-0.1235534;9.929688;0;9.929688;P
PCM016;nadšený;7;0.1331306;0.04730791;-0.1202993;3.849609;0;3.849609;P
PCM016;střední;18;-0.001839766;-0.005435914;-0.108121;3.433594;0;3.433594;P
PCM016;pohodový;4;0.1134746;-0.0981499;-0.1865645;4.288086;0;4.288086;P
PCM016;běžný;29;-0.002691792;-0.1796608;-0.04986531;2.788086;0;2.788086;P
PCM016;příjemný;30;-0.01000951;0.07919811;-0.1529037;4.467773;0;4.467773;P
PCM016;spící;24;0.1517901;-0.1553446;-0.1953466;4.06543;0;4.06543;P
PCM016;depresivní;10;-0.1213532;-0.1365921;0.0717034;7.533203;0;7.533203;P
PCM016;obyčejný;28;-0.001983793;-0.191767;-0.07256652;3.78418;0;3.78418;P
PCM016;bezradný;20;0.009353501;-0.1389251;0.1330337;4.255859;0;4.255859;P
PCM016;drsný;11;-0.01716599;-0.006716549;-0.1707557;4.566406;0;4.566406;P
PCM016;pochmurný;2;-0.07114441;-0.1195881;-0.01256543;11.42773;0;11.42773;P
PCM016;zamračený;17;-0.07786865;-0.1239825;-0.155485;3.087891;0;3.087891;P
PCM016;nedůvěřivý;9;0.009301216;-0.1597164;0.1184658;4.672852;0;4.672852;P
PCM016;skleslý;25;-0.09443273;-0.03586781;-0.1899314;16.0625;0;16.0625;P
PCM016;hrozivý;12;0.00703528;0.1383185;-0.1734294;3.564453;0;3.564453;P
PCM016;nepříjemný;21;-0.1582711;0.01090878;-0.06947438;5.834961;0;5.834961;P
PCM016;zuřivý;6;-0.1161441;-0.1594509;0.03958784;7.666016;0;7.666016;P
PCM016;agresivní;16;-0.01318084;-0.002157867;-0.1428866;6.805664;0;6.805664;P
PCM016;nudný;22;-0.1038833;-0.1912078;0.1446771;5.287109;0;5.287109;P
PCM016;zvyklý;27;0.01156732;-0.1337389;-0.08197775;3.65625;0;3.65625;P
PCM017;fantastický;25;0.00233479;-0.06556794;0.1330427;6.146484;0;6.146484;P
PCM017;střední;28;-0.01735021;0.0012905;-0.005645026;4.71582;0;4.71582;P
PCM017;neutrální;23;0.1224515;-0.1401547;-0.1610777;3.714844;0;3.714844;P
PCM017;mohutný;1;0.07169114;-0.03266492;0.01816321;14.94531;0;14.94531;P
PCM017;extrémní;17;-0.01293519;0.1895445;-0.01182403;4.399414;0;4.399414;P
PCM017;poklidný;14;-0.04981878;-0.08052444;-0.012798;2.71875;0;2.71875;P
PCM017;příjemný;21;-0.1471382;-0.1210208;-0.04590417;3.280273;0;3.280273;P
PCM017;uvolněný;7;0.1570811;-0.1397497;0.1253953;9.71582;0;9.71582;P
PCM017;pohodový;11;-0.07913829;-0.09893268;-0.09924679;4.686523;0;4.686523;P
PCM017;přátelský;19;0.06104128;-0.04386476;0.01752793;4.612305;0;4.612305;P
PCM017;spokojený;29;0.01455545;-0.01637453;-0.02604384;6.401367;0;6.401367;P
PCM017;prudký;20;0.1214222;-0.03855863;-0.01745196;3.619141;0;3.619141;P
PCM017;běžný;10;-0.003392414;-0.04719266;0.005044493;4.084961;0;4.084961;P
PCM017;zvyklý;3;-0.004838227;0.1230931;0.07143242;4.680664;0;4.680664;P
PCM017;spící;5;0.06954534;-0.0673345;0.05314596;2.879883;0;2.879883;P
PCM017;nudný;16;-0.02347434;-0.07521275;-0.1475958;6.234375;0;6.234375;P
PCM017;zuřivý;27;0.1725663;-0.1910857;-0.174475;3.37207;0;3.37207;P
PCM017;nepříjemný;15;-0.06742213;-0.05697489;9.6e-05;4.587891;0;4.587891;P
PCM017;hrozivý;18;-0.04267073;-0.06386656;-0.09854952;3.982422;0;3.982422;P
PCM017;agresivní;9;-0.1615061;-0.1321919;-0.176938;4.294922;0;4.294922;P
PCM017;nedůvěřivý;13;0.1063054;0.1478174;0.0492866;4.480469;0;4.480469;P
PCM017;zamračený;24;-0.1862342;-0.02513507;0.003328878;6.503906;0;6.503906;P
PCM017;pochmurný;12;0.1211427;-0.07370216;0.1034108;5.37207;0;5.37207;P
PCM017;drsný;26;0.179356;-0.02917501;-0.01162636;5.145508;0;5.145508;P
PCM017;bezradný;6;0.1403316;-0.09301722;-0.1563562;5.117188;0;5.117188;P
PCM017;skleslý;2;-0.07504806;-0.08979812;-0.04188615;2.949219;0;2.949219;P
PCM017;obyčejný;4;-0.1828351;-0.1635832;0.1507691;8.423828;0;8.423828;P
PCM017;nadšený;8;0.005769897;-0.1378277;0.1626242;7.227539;0;7.227539;P
PCM017;depresivní;30;-0.00376706;-0.1790079;-0.0318095;3.787109;0;3.787109;P
PCM017;neuvěřitelný;22;0.001602201;-0.1057532;0.1426963;6.879883;0;6.879883;P
PCZ018;skleslý;8;0.1631248;-0.1057544;0.08053114;10.66504;0;10.66504;P
PCZ018;neuvěřitelný;24;-0.16522;-0.1556427;0.1196581;16.65527;1;26.96582;P
PCZ018;nadšený;1;-0.0118727;0.1485062;-0.001403629;12.86035;1;30.57617;P
PCZ018;fantastický;13;0.1435075;0.1911039;0.08123495;7.175781;0;7.175781;P
PCZ018;spokojený;6;0.03008495;0.1968236;-0.1725903;11.24023;0;11.24023;P
PCZ018;přátelský;11;0.01106524;-0.0938426;0.00704325;8.068359;0;8.068359;P
PCZ018;pohodový;28;-0.1162791;-0.05852643;-0.1522049;11.55664;0;11.55664;P
PCZ018;uvolněný;29;0.05943118;-0.1670586;-0.1530516;10.3584;0;10.3584;P
PCZ018;poklidný;30;0.06700762;-0.1623591;-0.1282959;4.947266;0;4.947266;P
PCZ018;prudký;19;0.1848285;-0.05706075;-0.112389;13.39551;0;13.39551;P
PCZ018;extrémní;21;-0.1571916;0.1664233;0.01055954;6.974609;0;6.974609;P
PCZ018;mohutný;16;-0.07656106;0.0964257;-0.02402548;21.39844;0;21.39844;P
PCZ018;neutrální;22;0.000627953;0.008415729;0.01862724;6.731445;0;6.731445;P
PCZ018;střední;4;0.1695222;0.007910997;-0.1573999;11.21191;0;11.21191;P
PCZ018;běžný;20;-0.001414801;-0.1399394;0.06001297;6.34082;0;6.34082;P
PCZ018;spící;26;-0.07456509;-0.1881877;-0.07347539;12.39648;0;12.39648;P
PCZ018;zvyklý;9;0.01485311;0.05777858;-0.06101738;11.5166;0;11.5166;P
PCZ018;nudný;14;0.003718812;-0.02290234;0.02409023;6.499023;0;6.499023;P
PCZ018;zuřivý;10;-0.07687677;0.1853595;-0.1161408;9.632813;0;9.632813;P
PCZ018;nepříjemný;25;0.1843209;0.11077;0.02161563;16.62793;0;16.62793;P
PCZ018;hrozivý;5;-0.1835188;0.1180661;0.09247933;26.3418;2;52.93652;P
PCZ018;agresivní;18;0.004809852;0.1752751;0.02571537;3.638672;0;3.638672;P
PCZ018;nedůvěřivý;23;-0.156597;0.177915;0.03070851;9.730469;0;9.730469;P
PCZ018;zamračený;27;0.09312804;0.1009657;0.03878565;11.2373;0;11.2373;P
PCZ018;pochmurný;2;-0.1439876;-0.170174;-0.1081454;12.03809;0;12.03809;P
PCZ018;drsný;3;0.002785952;0.05033599;-0.04360761;9.274414;0;9.274414;P
PCZ018;bezradný;12;-0.1324689;-0.1185171;-0.1871738;9.759766;0;9.759766;P
PCZ018;depresivní;15;0.000216447;0.164616;0.03172226;11.77344;0;11.77344;P
PCZ018;příjemný;7;-0.01425627;-0.165479;0.05440626;9.543945;0;9.543945;P
PCZ018;obyčejný;17;-0.000413121;-0.04132399;0.0131453;3.424805;0;3.424805;P
PCZ019;obyčejný;28;-0.004218807;0.03587365;0.0114803;12.12598;0;12.12598;L
PCZ019;skleslý;1;-0.1730696;-0.1910409;0.1642731;26.52441;1;33.06543;L
PCZ019;bezradný;2;-0.01256023;-0.03595144;0.03411524;8.259766;0;8.259766;L
PCZ019;drsný;19;-0.1814443;0.1275102;0.1339949;4.070313;0;4.070313;L
PCZ019;pochmurný;14;-0.170261;-0.1481376;0.0813496;6.994141;0;6.994141;L
PCZ019;zamračený;29;0.1659756;-0.1726571;0.03521235;3.25293;0;3.25293;L
PCZ019;nedůvěřivý;13;0.1766365;-0.1906518;-0.1149712;21.85938;1;38.56738;L
PCZ019;agresivní;9;-0.02256179;0.1767474;0.06588913;12.99805;1;15.72754;L
PCZ019;hrozivý;8;-0.006502729;0.1377423;0.1321575;5.467773;0;5.467773;L
PCZ019;nepříjemný;18;0.1931874;-0.08713162;0.07915813;4.707031;0;4.707031;L
PCZ019;zuřivý;17;-0.006620619;0.161731;0.134581;3.723633;0;3.723633;L
PCZ019;nudný;21;-0.1244543;-0.1794518;0.05909516;3.669922;0;3.669922;L
PCZ019;zvyklý;24;0.1130752;-0.05243763;0.05054717;3.378906;0;3.378906;L
PCZ019;depresivní;10;-0.1776904;-0.1935468;0.1690655;9.401367;0;9.401367;L
PCZ019;spící;5;0.1637657;-0.1505567;0.115528;9.856445;0;9.856445;L
PCZ019;běžný;25;-0.008925876;-0.001350164;0.05886521;4.490234;0;4.490234;L
PCZ019;střední;11;-0.004727734;-0.0475122;0.00515193;10.9209;0;10.9209;L
PCZ019;neutrální;20;-0.006579279;0.0158655;0.04094655;4.21582;0;4.21582;L
PCZ019;mohutný;27;-0.1864255;0.1586593;-0.08073057;5.765625;0;5.765625;L
PCZ019;extrémní;26;-0.1888246;0.09564345;-0.08125522;3.979492;0;3.979492;L
PCZ019;prudký;7;-0.01579006;0.1291056;-0.0379205;15.92676;1;28.4707;L
PCZ019;poklidný;30;-0.1307144;0.001173854;-0.072523;4.520508;0;4.520508;L
PCZ019;příjemný;4;-0.01323131;-0.04601708;0.03161836;6.147461;0;6.147461;L
PCZ019;uvolněný;12;-0.120442;0.08188157;0.1062729;2.401367;1;3.598633;L
PCZ019;pohodový;22;-0.003430945;0.02584434;0.07445629;6.835938;0;6.835938;L
PCZ019;přátelský;23;-0.02711455;-0.02616712;-0.1618787;2.975586;0;2.975586;L
PCZ019;spokojený;16;0.002913304;-0.1910578;-0.006325033;6.294922;0;6.294922;L
PCZ019;neuvěřitelný;6;0.1856426;0.04377782;0.1328376;6.540039;0;6.540039;L
PCZ019;fantastický;3;-0.00613892;0.07954477;0.1634308;6.030273;0;6.030273;L
PCZ019;nadšený;15;-0.02631563;0.1562451;0.05855374;7.615234;1;12.42578;L
PCM020;nadšený;13;0.1453643;-0.0290879;0.06136546;4.374023;0;4.374023;P
PCM020;neuvěřitelný;6;0.06491778;-0.01723585;0.0515553;5.246094;0;5.246094;P
PCM020;fantastický;29;0.1009962;0.05298536;0.06243882;4.087891;0;4.087891;P
PCM020;spokojený;14;-0.1791146;-0.08665854;0.08236495;3.99707;0;3.99707;P
PCM020;přátelský;8;0.1696331;0.1786067;0.1229566;4.222656;0;4.222656;P
PCM020;pohodový;11;-0.160413;-0.1801262;0.0835607;3.508789;0;3.508789;P
PCM020;uvolněný;27;0.1585387;0.1832464;0.0824943;2.186523;0;2.186523;P
PCM020;příjemný;30;0.1948103;0.1938031;0.07548936;5.980469;1;10.96582;P
PCM020;poklidný;26;0.1766798;0.1679109;0.07723336;3.317383;0;3.317383;P
PCM020;extrémní;16;0.0891287;-0.053029;0.04748588;4.813477;0;4.813477;P
PCM020;mohutný;3;0.1316713;0.05922858;0.03580553;4.567383;0;4.567383;P
PCM020;neutrální;4;-0.008320264;-0.01563528;0.09659693;4.765625;0;4.765625;P
PCM020;střední;7;0.000859281;0.01632911;0.07004374;4.027344;0;4.027344;P
PCM020;běžný;22;-0.01493203;-0.04853031;0.06790343;3.520508;0;3.520508;P
PCM020;obyčejný;15;-0.1782781;-0.1628657;0.04406187;3.213867;0;3.213867;P
PCM020;prudký;20;-0.07068259;-0.1523888;0.06019529;3.791016;0;3.791016;P
PCM020;zvyklý;12;-0.1715055;-0.1963033;0.05857315;3.658203;0;3.658203;P
PCM020;depresivní;28;-0.112393;0.01855052;0.11024;4.31543;0;4.31543;P
PCM020;spící;9;0.007124608;-0.05894822;0.1358519;4.397461;0;4.397461;P
PCM020;skleslý;24;0.06716041;-0.005377054;0.0525171;2.770508;0;2.770508;P
PCM020;bezradný;10;-0.004102703;-0.007872939;0.1268734;3.243164;0;3.243164;P
PCM020;drsný;17;-0.1620444;-0.1615559;0.05261204;6.776367;0;6.776367;P
PCM020;zamračený;5;-0.1819089;-0.1727327;0.07118379;3.043945;0;3.043945;P
PCM020;pochmurný;1;-0.1424999;-0.1474992;0.04747746;12.2168;0;12.2168;P
PCM020;agresivní;18;-0.1759292;-0.1965382;0.04548715;4.121094;0;4.121094;P
PCM020;hrozivý;21;-0.1564015;-0.1856169;0.03891736;3.646484;0;3.646484;P
PCM020;nepříjemný;19;-0.1858923;-0.1900536;0.03706351;5.179688;0;5.179688;P
PCM020;zuřivý;2;-0.1607525;-0.1961284;0.04901116;4.953125;0;4.953125;P
PCM020;nudný;23;0.07337329;0.008328021;0.03855878;4.1875;0;4.1875;P
PCM020;nedůvěřivý;25;0.08790398;-0.001138031;0.05087572;4.242188;0;4.242188;P
PCZ021;prudký;15;-0.007653027;0.05751286;-0.1782839;7.793945;0;7.793945;P
PCZ021;střední;28;0.01531876;-0.1210604;0.08031036;8.0625;0;8.0625;P
PCZ021;neutrální;7;-0.00795598;0.0432913;-0.01339471;9.768555;0;9.768555;P
PCZ021;mohutný;22;0.00378605;0.08812104;0.1312546;7.668945;0;7.668945;P
PCZ021;extrémní;8;0.1785975;0.1846382;0.1692123;13.2334;0;13.2334;P
PCZ021;poklidný;24;-0.1630341;-0.1549896;-0.01734553;10.32129;0;10.32129;P
PCZ021;fantastický;3;0.009722812;0.1017821;0.1904343;5.709961;0;5.709961;P
PCZ021;uvolněný;20;-0.01242699;-0.1545614;0.05598152;9.049805;0;9.049805;P
PCZ021;pohodový;1;0.06826946;-0.1373118;-0.03838733;14.92969;0;14.92969;P
PCZ021;přátelský;21;0.154343;-0.08035514;0.00687991;4.626953;0;4.626953;P
PCZ021;spokojený;30;-0.07332277;0.06834166;-0.05310678;5.442383;0;5.442383;P
PCZ021;obyčejný;25;-0.003103126;-0.009179771;-0.0115415;10.90234;0;10.90234;P
PCZ021;příjemný;4;-0.1426616;-0.09515932;-0.01901948;10.89453;0;10.89453;P
PCZ021;spící;29;0.06747934;-0.1814348;0.08155658;12.57617;0;12.57617;P
PCZ021;běžný;16;-0.006372669;0.00100559;0.06118462;9.838867;0;9.838867;P
PCZ021;nudný;11;0.000494081;-0.01931831;0.04219697;13.04297;0;13.04297;P
PCZ021;zuřivý;19;-0.1421885;0.1520613;0.1700983;18.6416;0;18.6416;P
PCZ021;nepříjemný;2;-0.004015435;0.1123554;-0.1651223;12.55469;0;12.55469;P
PCZ021;hrozivý;18;0.1921767;0.03230405;0.1499263;56.79199;0;56.79199;P
PCZ021;agresivní;9;0.02375986;0.1477968;0.1099893;13.01758;0;13.01758;P
PCZ021;nedůvěřivý;13;-0.1560899;-0.1777337;-0.1719031;19.33789;1;32.16699;P
PCZ021;zamračený;17;0.1773769;-0.1870934;0.1617268;10.55273;0;10.55273;P
PCZ021;pochmurný;12;-0.01105931;-0.1141197;-0.03538879;22.46191;0;22.46191;P
PCZ021;drsný;6;0.03224624;0.1914915;0.09598672;41.78809;0;41.78809;P
PCZ021;bezradný;10;0.1571018;-0.1004213;0.03483278;4.993164;0;4.993164;P
PCZ021;skleslý;23;-0.1560857;-0.1665069;-0.1574306;7.005859;0;7.005859;P
PCZ021;depresivní;26;0.1568644;-0.1598097;0.1062242;10.18848;0;10.18848;P
PCZ021;nadšený;14;0.1925275;-0.04076555;0.03916694;9.490234;0;9.490234;P
PCZ021;zvyklý;27;-0.0226234;0.002523243;-0.187244;9.399414;0;9.399414;P
PCZ021;neuvěřitelný;5;-0.1818396;0.1671874;0.1859084;11.09473;0;11.09473;P
PCZ022;depresivní;28;0.1715871;-0.1994582;0.1782454;10.3833;0;10.3833;P
PCZ022;skleslý;12;0.1525881;-0.1288483;0.09189691;5.950134;0;5.950134;P
PCZ022;neuvěřitelný;22;0.1823258;0.1290163;-0.005122676;10.05008;0;10.05008;P
PCZ022;nadšený;24;0.03454439;0.1603533;-0.1810372;11.38345;0;11.38345;P
PCZ022;fantastický;18;-0.007879929;0.1867618;-0.08217046;7.433929;0;7.433929;P
PCZ022;spokojený;29;0.007316222;0.1829887;-0.1901841;8.950226;0;8.950226;P
PCZ022;přátelský;4;-0.006160907;0.1316779;-0.1897947;14.30017;0;14.30017;P
PCZ022;pohodový;10;-0.002386016;0.1461363;-0.08076561;7.833466;0;7.833466;P
PCZ022;uvolněný;21;0.000749076;0.1166215;-0.1309593;8.250061;0;8.250061;P
PCZ022;příjemný;27;-0.004128359;0.1730793;-0.1142268;10.65009;0;10.65009;P
PCZ022;prudký;15;0.1494283;0.0713651;0.0943245;11.80014;0;11.80014;P
PCZ022;extrémní;23;-0.1572715;-0.08629036;0.08267747;11.15005;0;11.15005;P
PCZ022;mohutný;2;-0.003246665;0.1872994;-0.05663237;24.68364;0;24.68364;P
PCZ022;neutrální;1;0.003087846;0.05780201;-0.02840646;16.87029;0;16.87029;P
PCZ022;střední;11;-0.006257265;0.1051382;-0.07515277;8.11676;0;8.11676;P
PCZ022;běžný;9;-0.01005608;-0.09362981;-0.07482874;8.633423;0;8.633423;P
PCZ022;poklidný;5;-0.000431551;0.1564471;-0.1840244;16.61685;0;16.61685;P
PCZ022;bezradný;6;-0.005694658;-0.134172;0.09260682;7.050079;0;7.050079;P
PCZ022;obyčejný;19;0.002273119;0.0886939;-0.08422143;7.5;0;7.5;P
PCZ022;drsný;25;-0.1443125;-0.002318054;0.1235133;10.05014;0;10.05014;P
PCZ022;pochmurný;16;-0.1390482;-0.06784564;0.07656038;10.03339;0;10.03339;P
PCZ022;zamračený;8;-0.1424741;0.07973932;0.07495269;8.466766;0;8.466766;P
PCZ022;agresivní;20;-0.07062492;-0.1195802;0.1341375;13.66687;0;13.66687;P
PCZ022;hrozivý;26;0.172923;-0.1080279;0.09481823;10.63345;0;10.63345;P
PCZ022;nedůvěřivý;14;-0.002224266;0.03121841;0.144661;7.400116;0;7.400116;P
PCZ022;zuřivý;17;0.1474076;-0.08406934;0.09192166;8.216766;0;8.216766;P
PCZ022;nudný;13;0.001685312;-0.1208364;0.07640496;5.583374;0;5.583374;P
PCZ022;zvyklý;3;-0.01015241;0.005484164;-0.1199488;9.55014;0;9.55014;P
PCZ022;spící;30;-0.001525802;0.08357184;-0.05061654;8.583374;0;8.583374;P
PCZ022;nepříjemný;7;-0.1662947;-0.1649151;0.1227166;9.633453;0;9.633453;P
PCZ023;střední;1;0.002391947;-0.003188193;-0.00144208;23.30713;0;23.30713;P
PCZ023;prudký;24;0.001189925;-0.1812424;0.1431776;9.178711;0;9.178711;P
PCZ023;neutrální;27;0.006516639;0.02387923;0.005215197;12.28564;0;12.28564;P
PCZ023;mohutný;10;-0.01939593;-0.1800269;-0.08855195;8.227783;0;8.227783;P
PCZ023;extrémní;29;0.01375118;0.1939195;0.1244275;12.22266;0;12.22266;P
PCZ023;poklidný;14;0.01055711;-0.05136877;-0.03481168;2.749023;0;2.749023;P
PCZ023;nadšený;12;-0.004179705;0.1698089;-0.01181596;11.90234;0;11.90234;P
PCZ023;uvolněný;13;0.006908394;0.02688512;-0.09376203;3.705322;0;3.705322;P
PCZ023;pohodový;4;0.002558837;0.03290674;-0.01534753;9.104492;0;9.104492;P
PCZ023;přátelský;30;0.06899301;0.1032358;0.04266848;6.793701;0;6.793701;P
PCZ023;spokojený;16;0.006948129;0.1303784;-0.1758729;3.952881;0;3.952881;P
PCZ023;fantastický;2;0.01317848;0.1475052;0.142821;18.83252;0;18.83252;P
PCZ023;běžný;18;0.008123742;-0.002701283;0.03348974;4.985352;0;4.985352;P
PCZ023;příjemný;6;-0.001210783;0.04701594;-0.03824729;4.851563;0;4.851563;P
PCZ023;obyčejný;28;0.002941102;0.02312785;-0.02787376;4.123535;0;4.123535;P
PCZ023;spící;7;0.05478016;-0.1494367;0.03289275;4.289795;0;4.289795;P
PCZ023;zvyklý;19;0.05733443;0.01642254;0.01865866;6.718018;0;6.718018;P
PCZ023;depresivní;22;-0.1848794;-0.1940697;-0.1823069;13.58203;0;13.58203;P
PCZ023;skleslý;17;0.07428915;-0.1875439;-0.07266711;4.875244;0;4.875244;P
PCZ023;bezradný;5;-0.1817233;-0.1964008;-0.02330933;28.71777;0;28.71777;P
PCZ023;drsný;21;0.1692133;-0.1666536;0.1515875;11.0459;0;11.0459;P
PCZ023;pochmurný;3;-0.181351;-0.1922335;0.1887006;17.89526;0;17.89526;P
PCZ023;zamračený;20;-0.1747271;-0.1657115;-0.07545143;15.64893;0;15.64893;P
PCZ023;neuvěřitelný;26;0.1284682;0.1780836;-0.007963667;10.77417;0;10.77417;P
PCZ023;agresivní;11;0.08350687;-0.1836757;0.0360112;6.946777;0;6.946777;P
PCZ023;hrozivý;8;0.162659;-0.1912488;0.0575145;11.32007;0;11.32007;P
PCZ023;nepříjemný;25;-0.1433999;0.01111311;0.09092859;16.80298;0;16.80298;P
PCZ023;zuřivý;9;0.047596;-0.1949211;0.1025668;6.954834;0;6.954834;P
PCZ023;nudný;23;0.09893125;-0.1776356;-0.1827379;8.129639;0;8.129639;P
PCZ023;nedůvěřivý;15;0.1740432;-0.1740418;0.04916856;10.79517;0;10.79517;P
PCZ024;neutrální;22;-0.1928908;-0.0633851;-0.0258613;23.73682;0;23.73682;P
PCZ024;mohutný;8;0.01307228;0.1344423;0.03836362;26.16504;0;26.16504;P
PCZ024;extrémní;4;-0.1943138;-0.06380358;0.05347966;28.00562;0;28.00562;P
PCZ024;prudký;17;0.07724975;0.1744643;-0.01163529;31.76123;0;31.76123;P
PCZ024;poklidný;9;0.005211263;-0.1101451;0.0280833;26.2749;0;26.2749;P
PCZ024;pohodový;19;0.01546775;-0.1855945;-0.05384076;12.26172;0;12.26172;P
PCZ024;uvolněný;5;0.01871584;-0.1973149;0.0530685;12.56934;0;12.56934;P
PCZ024;přátelský;30;-0.003640477;-0.1928674;-0.09147486;12.35107;0;12.35107;P
PCZ024;spokojený;13;0.002602473;-0.1935683;-0.03902936;13.15894;0;13.15894;P
PCZ024;fantastický;20;0.07480893;-0.1911305;-0.008167721;32.94653;0;32.94653;P
PCZ024;nadšený;3;0.1976459;-0.07029083;0.04535882;46.81226;0;46.81226;P
PCZ024;příjemný;2;0.001751634;-0.193269;0.1000634;41.22729;0;41.22729;P
PCZ024;střední;6;0.01829168;-0.03712749;0.1173378;16.07666;0;16.07666;P
PCZ024;spící;10;0.009435588;0.004909217;0.02999897;15.88281;0;15.88281;P
PCZ024;obyčejný;21;0.007871229;0.155191;-0.06239878;18.63794;0;18.63794;P
PCZ024;zvyklý;16;-0.05141279;-0.1932443;0.01638895;33.92822;0;33.92822;P
PCZ024;nudný;14;0.1974321;0.006468385;0.05334802;49.45117;0;49.45117;P
PCZ024;zuřivý;27;0.07141221;0.1778536;-0.03311681;21.02637;0;21.02637;P
PCZ024;skleslý;15;0.1113484;-0.01837191;0.039721;20.24927;0;20.24927;P
PCZ024;hrozivý;1;0.01313412;0.1084796;0.03590959;97.37427;0;97.37427;P
PCZ024;agresivní;12;-0.1923105;-0.02945086;0.06838331;35.64966;0;35.64966;P
PCZ024;nedůvěřivý;25;0.194206;-0.07621685;0.06969237;17.12354;0;17.12354;P
PCZ024;zamračený;11;0.1886744;0.006851792;0.03909834;34.85742;0;34.85742;P
PCZ024;pochmurný;26;-0.05170325;0.01774278;0.001225549;11.53125;0;11.53125;P
PCZ024;drsný;28;-0.1758187;-0.002309829;0.03863626;21.14941;0;21.14941;P
PCZ024;bezradný;18;0.115154;-0.1865411;-0.03852421;13.61963;0;13.61963;P
PCZ024;depresivní;23;0.07265844;0.09784298;-0.1010592;25.27759;0;25.27759;P
PCZ024;běžný;29;-0.001452795;-0.0671711;-0.06305736;11.66602;0;11.66602;P
PCZ024;nepříjemný;24;-0.09638041;0.13549;0.03565431;18.27783;0;18.27783;P
PCZ024;neuvěřitelný;7;-0.198304;-0.1502493;0.128365;24.20532;0;24.20532;P
PCM025;depresivní;28;-0.1647778;-0.1490234;0.1175353;8.257813;0;8.257813;P
PCM025;nadšený;12;-0.01246045;0.1827096;-0.01866599;8.12207;0;8.12207;P
PCM025;fantastický;24;0.172489;0.178664;0.1605434;6.741699;0;6.741699;P
PCM025;spokojený;23;0.1692597;-0.1851663;-0.1739569;6.983887;0;6.983887;P
PCM025;přátelský;18;-0.002458988;-0.1789704;0.02782933;6.173828;0;6.173828;P
PCM025;pohodový;29;0.1316599;0.1135781;-0.1645472;4.615234;0;4.615234;P
PCM025;uvolněný;4;-0.1021037;-0.06359872;-0.1568332;6.756348;0;6.756348;P
PCM025;příjemný;1;-0.1745569;0.1914357;0.1205051;35.56299;0;35.56299;P
PCM025;poklidný;26;-0.005584248;-0.1879727;0.1736878;8.009277;0;8.009277;P
PCM025;prudký;13;-0.04559336;-0.080376;-0.1849045;5.403809;0;5.403809;P
PCM025;extrémní;7;0.1958076;0.142632;-0.08922748;7.822754;0;7.822754;P
PCM025;mohutný;20;0.1639998;0.1792291;0.1332368;8.738281;0;8.738281;P
PCM025;neutrální;10;0.002880655;-0.1725595;0.008285516;4.955566;1;8.126953;P
PCM025;střední;16;0.01589376;0.01114592;0.002653615;5.494141;0;5.494141;P
PCM025;běžný;6;0.165141;0.1643404;0.1108827;6.468262;0;6.468262;P
PCM025;neuvěřitelný;14;-0.1846158;0.1763692;0.0148006;10.04883;0;10.04883;P
PCM025;spící;5;-0.006754143;-0.08157155;0.1879754;4.843262;0;4.843262;P
PCM025;obyčejný;2;0.004344468;0.01628327;0.01700857;6.621094;0;6.621094;P
PCM025;skleslý;21;0.178509;-0.1914576;-0.1728682;8.111328;0;8.111328;P
PCM025;bezradný;9;-0.1831279;-0.1916983;-0.1745161;11.25684;0;11.25684;P
PCM025;drsný;11;0.187879;-0.05581811;0.05430145;5.861328;0;5.861328;P
PCM025;zamračený;8;-0.01646151;-0.1862609;0.1735949;9.03125;0;9.03125;P
PCM025;nedůvěřivý;22;-0.1623386;-0.1383861;0.1148706;9.624023;0;9.624023;P
PCM025;pochmurný;19;0.00085677;0.05399106;0.1584221;9.355469;0;9.355469;P
PCM025;hrozivý;17;0.02690675;0.1700625;-0.1611029;9.833496;0;9.833496;P
PCM025;nepříjemný;15;-0.002147157;0.1901691;0.1040679;6.57959;0;6.57959;P
PCM025;zuřivý;25;0.002710219;0.0245553;-0.000985825;6.494629;0;6.494629;P
PCM025;nudný;30;0.09083407;-0.08037108;0.1104996;3.279297;0;3.279297;P
PCM025;zvyklý;3;0.1781487;-0.04799849;0.03083937;5.290527;0;5.290527;P
PCM025;agresivní;27;0.02745684;0.1369912;-0.1103932;5.673828;0;5.673828;P
PCZ026;hrozivý;8;0.08739915;0.1602577;-0.008648783;18.29297;0;18.29297;P
PCZ026;nudný;30;0.03610856;-0.1742866;0.1418961;6.781738;0;6.781738;P
PCZ026;zuřivý;20;0.147829;0.006134599;0.1249604;8.512207;0;8.512207;P
PCZ026;nepříjemný;21;-0.004211857;-0.1594564;0.1743625;8.358398;0;8.358398;P
PCZ026;agresivní;23;-0.1003576;-0.0182991;0.1082773;7.040039;0;7.040039;P
PCZ026;skleslý;14;-0.001935587;0.1086193;0.1410075;5.259766;0;5.259766;P
PCZ026;zamračený;6;-0.1414189;0.1631419;0.09395329;15.28662;0;15.28662;P
PCZ026;pochmurný;11;-0.1092859;0.1669577;0.02081761;7.726074;0;7.726074;P
PCZ026;drsný;17;-0.1560678;-0.0457598;0.1567546;8.615723;0;8.615723;P
PCZ026;bezradný;2;0.003906353;0.1481414;0.04416682;9.870605;1;16.28467;P
PCZ026;zvyklý;22;-0.000517561;0.007845342;-0.09532231;6.150879;0;6.150879;P
PCZ026;nedůvěřivý;24;0.1420719;-0.1066069;0.02247374;7.721191;0;7.721191;P
PCZ026;spící;26;-0.05896731;-0.0132637;0.09599563;6.153809;0;6.153809;P
PCZ026;prudký;18;-0.02619863;0.1140877;-0.03593889;6.844238;0;6.844238;P
PCZ026;běžný;25;-0.01113584;0.07951812;-0.1265527;9.285645;0;9.285645;P
PCZ026;střední;9;-0.005838485;0.143864;-0.04505417;16.01807;0;16.01807;P
PCZ026;neutrální;1;0.02644556;-0.06282803;-0.017673;28.07178;0;28.07178;P
PCZ026;mohutný;28;-0.06073521;0.1918447;-0.05989439;5.589355;0;5.589355;P
PCZ026;extrémní;7;-0.1567517;0.1567077;0.01905156;15.6167;0;15.6167;P
PCZ026;poklidný;15;-0.09468795;0.1273657;-0.02793944;7.164063;0;7.164063;P
PCZ026;příjemný;29;0.005489484;0.06548689;-0.194078;11.25977;0;11.25977;P
PCZ026;uvolněný;5;0.1723172;0.1105747;0.04350888;7.708984;0;7.708984;P
PCZ026;pohodový;3;-0.1766913;-0.01046714;0.03895514;8.167969;0;8.167969;P
PCZ026;přátelský;19;-0.1078504;0.1000512;-0.008927689;6.600098;0;6.600098;P
PCZ026;spokojený;12;0.1583604;0.1044959;-0.1318103;16.88379;0;16.88379;P
PCZ026;fantastický;27;-0.07019036;-0.1804378;-0.1562707;6.259277;0;6.259277;P
PCZ026;depresivní;13;0.02518237;0.07493107;0.1522695;5.303223;0;5.303223;P
PCZ026;obyčejný;16;-0.01210679;0.06038801;0.02367438;20.62305;0;20.62305;P
PCZ026;nadšený;4;0.02779358;0.1185805;-0.04697452;10.67139;0;10.67139;P
PCZ026;neuvěřitelný;10;-0.1443363;0.1138253;-0.05735435;9.810059;0;9.810059;P
PCM027;fantastický;27;0.1771937;0.1023399;-0.02240266;5.999512;0;5.999512;P
PCM027;spokojený;7;0.1368848;0.09463702;0.002357402;6.736328;0;6.736328;P
PCM027;přátelský;29;0.1328589;0.04338497;-0.04314652;5.565918;0;5.565918;P
PCM027;pohodový;17;0.1445612;0.1605005;-0.0438894;9.175293;0;9.175293;P
PCM027;uvolněný;21;0.08735616;0.0774319;0.07238635;6.387695;0;6.387695;P
PCM027;příjemný;14;0.09215365;0.1473657;0.006461577;3.445313;0;3.445313;P
PCM027;poklidný;25;-0.1322821;0.110991;-0.0163525;8.642578;0;8.642578;P
PCM027;prudký;12;-0.1482732;0.02931514;-0.007187635;5.376953;0;5.376953;P
PCM027;mohutný;30;0.1317055;-0.04306018;-0.1336955;4.572754;0;4.572754;P
PCM027;neutrální;15;0.02418484;0.03407174;-0.006013254;6.472168;0;6.472168;P
PCM027;střední;4;0.005896714;0.01834422;-0.01207865;8.748535;0;8.748535;P
PCM027;běžný;1;0.006342594;0.03187671;-0.04389345;17.875;0;17.875;P
PCM027;obyčejný;11;0.02462228;-0.0148007;-0.02837897;3.066895;0;3.066895;P
PCM027;spící;23;-0.08593108;-0.02054387;-0.01526173;9.753906;0;9.753906;P
PCM027;extrémní;28;0.00284888;-0.04405081;0.1670719;13.07813;0;13.07813;P
PCM027;zvyklý;19;-0.06332932;-0.03868178;-0.04717778;10.90283;0;10.90283;P
PCM027;nadšený;13;0.1643513;0.1009996;-0.01579043;5.600586;0;5.600586;P
PCM027;skleslý;2;-0.00150606;-0.165658;-0.02955873;3.752441;0;3.752441;P
PCM027;bezradný;24;0.1314099;-0.08510631;-0.04509356;3.12207;0;3.12207;P
PCM027;drsný;9;0.1753891;0.03266025;-0.1564502;7.596191;0;7.596191;P
PCM027;pochmurný;8;0.1441013;-0.1133158;-0.07901261;5.742188;0;5.742188;P
PCM027;zamračený;6;-0.155313;-0.08173525;-0.06709365;7.734863;1;12.82275;P
PCM027;depresivní;3;-0.001492479;-0.1541242;0.1316719;7.398926;0;7.398926;P
PCM027;neuvěřitelný;10;0.1977628;0.144574;-0.003146839;6.694336;0;6.694336;P
PCM027;agresivní;16;0.05830336;-0.1036584;-0.04866429;10.03955;0;10.03955;P
PCM027;hrozivý;20;0.06524194;-0.1159806;-0.1230966;4.373047;0;4.373047;P
PCM027;nepříjemný;18;0.003893585;-0.1114418;0.1841712;5.781738;0;5.781738;P
PCM027;zuřivý;5;0.01443443;-0.1144686;-0.1587117;6.430176;0;6.430176;P
PCM027;nudný;26;-0.1911458;-0.01334926;0.01665438;3.37207;0;3.37207;P
PCM027;nedůvěřivý;22;-0.04261254;-0.06150979;-0.06129907;6.818359;0;6.818359;P
PCZ028;neutrální;7;-0.001084588;0.07285105;-0.08289129;13.97852;0;13.97852;P
PCZ028;mohutný;20;-0.000455587;0.1580933;0.003820737;13.44482;0;13.44482;P
PCZ028;extrémní;2;-0.1036117;0.1782267;0.1188789;13.19458;0;13.19458;P
PCZ028;prudký;13;-0.05458317;0.1716595;-0.09655314;7.539795;0;7.539795;P
PCZ028;poklidný;3;-0.01598687;0.04289097;-0.05660829;8.70752;1;13.24463;P
PCZ028;střední;21;0.001780818;0.02933779;-0.03554058;6.906006;0;6.906006;P
PCZ028;uvolněný;15;-0.007572294;0.01739076;-0.0251359;9.908447;0;9.908447;P
PCZ028;pohodový;8;-0.02963968;0.00119102;-0.1416811;13.91187;0;13.91187;P
PCZ028;spokojený;18;-0.08751928;0.1247327;-0.0236988;13.91187;0;13.91187;P
PCZ028;fantastický;27;-0.03125601;0.1373301;-0.1043079;11.05933;1;20.50073;P
PCZ028;nadšený;14;-0.1498746;0.03729853;-0.092539;13.64502;0;13.64502;P
PCZ028;příjemný;4;0.1354271;0.177722;-0.09788206;16.51416;1;23.18652;P
PCZ028;přátelský;26;-0.02573416;0.1007947;-0.1273124;30.95972;0;30.95972;P
PCZ028;běžný;28;0.000780701;0.05136709;-0.05008838;26.78955;0;26.78955;P
PCZ028;spící;19;0.003742788;-0.1578429;-0.02725464;7.606445;0;7.606445;P
PCZ028;zvyklý;10;0.05507224;-0.008015394;-0.06103691;22.78613;0;22.78613;P
PCZ028;nudný;24;0.0454712;-0.007386208;0.006360003;11.99365;0;11.99365;P
PCZ028;zuřivý;12;0.1362487;0.1623592;-0.02808251;9.508057;0;9.508057;P
PCZ028;nepříjemný;1;0.1649334;-0.1678395;0.05102194;42.1228;0;42.1228;P
PCZ028;hrozivý;23;0.1858844;0.1471076;-0.07849768;18.04883;0;18.04883;P
PCZ028;agresivní;29;0.09773311;0.1675476;0.08619478;11.17627;1;14.97949;P
PCZ028;nedůvěřivý;16;0.1227995;-0.03158766;-0.1300496;20.11719;0;20.11719;P
PCZ028;zamračený;9;0.1087778;-0.006558925;0.0751369;11.04297;0;11.04297;P
PCZ028;pochmurný;30;0.09518114;-0.1678672;0.143262;6.121826;0;6.121826;P
PCZ028;drsný;6;0.03450023;-0.04488367;0.04883222;13.27783;0;13.27783;P
PCZ028;bezradný;22;-0.152082;-0.1194555;0.09043164;6.005127;0;6.005127;P
PCZ028;skleslý;11;0.02594906;-0.1047306;0.07649383;15.91357;0;15.91357;P
PCZ028;neuvěřitelný;5;-0.1118977;0.1249797;-0.04914067;9.708252;1;33.49512;P
PCZ028;obyčejný;17;0.05638406;0.0498611;-0.07591774;11.10938;0;11.10938;P
PCZ028;depresivní;25;-0.1659074;-0.1503931;0.1414762;28.30737;0;28.30737;P
PCM029;depresivní;26;-0.1584112;-0.1814;-0.1586196;4.815094;0;4.815094;P
PCM029;nadšený;30;0.149663;0.1388442;0.1525755;14.76013;0;14.76013;P
PCM029;skleslý;28;-0.00701285;-0.1815341;-0.1539824;16.4064;0;16.4064;P
PCM029;bezradný;15;-0.001437822;-0.1599896;-0.00590384;8.053375;0;8.053375;P
PCM029;drsný;10;0.1429426;0.007574439;0.008179507;20.33823;0;20.33823;P
PCM029;pochmurný;1;-0.1468001;-0.1720104;-0.1722587;26.54504;0;26.54504;P
PCM029;zamračený;2;-0.09080044;-0.1826027;-0.1680796;6.444519;0;6.444519;P
PCM029;nedůvěřivý;22;0.01230132;-0.1870403;-0.1593429;6.943359;0;6.943359;P
PCM029;agresivní;27;-0.1660735;-0.1960225;-0.1417982;6.445251;0;6.445251;P
PCM029;hrozivý;12;0.004874917;-0.163516;-0.1595367;20.35022;0;20.35022;P
PCM029;nepříjemný;7;-0.1445801;-0.1841379;0.1464723;6.394409;0;6.394409;P
PCM029;zuřivý;8;-0.1510999;-0.1628633;-0.01782507;13.18839;0;13.18839;P
PCM029;nudný;24;-0.1136904;-0.180361;0.1304463;4.356232;0;4.356232;P
PCM029;zvyklý;13;-0.01154997;-0.009707212;-0.005904348;7.10614;0;7.10614;P
PCM029;neuvěřitelný;3;0.1532039;0.1222223;0.1664471;10.78667;0;10.78667;P
PCM029;spící;19;-0.1142621;-0.1511986;-0.1659138;7.53949;0;7.53949;P
PCM029;střední;9;0.007373292;0.1648984;0.005060822;9.192139;0;9.192139;P
PCM029;neutrální;18;-0.007494377;-0.1231694;-0.005642183;6.926514;0;6.926514;P
PCM029;mohutný;11;-0.1649442;-0.0235036;0.05511148;6.027557;0;6.027557;P
PCM029;extrémní;4;0.1066505;0.1326893;0.1710169;12.37181;0;12.37181;P
PCM029;prudký;25;-0.100325;-0.1693086;-0.000711339;9.309937;0;9.309937;P
PCM029;poklidný;6;-0.002887135;-0.02386373;0.03412704;4.845078;0;4.845078;P
PCM029;příjemný;17;-0.01331787;-0.0493032;0.01787508;14.05823;0;14.05823;P
PCM029;uvolněný;29;0.01645217;0.1434805;0.01777433;11.03183;0;11.03183;P
PCM029;pohodový;23;0.1116883;0.1445376;0.06696511;9.622772;0;9.622772;P
PCM029;přátelský;20;0.0110978;0.1723012;-0.08093235;4.930511;0;4.930511;P
PCM029;spokojený;16;-0.01041926;0.1789875;-0.08386172;3.535278;0;3.535278;P
PCM029;fantastický;5;0.07115823;0.1464208;0.1942215;6.036118;0;6.036118;P
PCM029;běžný;21;-0.002923441;0.02481702;-0.04129975;2.271118;0;2.271118;P
PCM029;obyčejný;14;0.1120507;0.01448029;-0.01245454;5.865479;0;5.865479;P
PCM030;nadšený;8;0.1815914;0.1236913;0.01806117;6.353882;0;6.353882;P
PCM030;neuvěřitelný;17;-0.1560765;0.05974822;-0.02329186;7.061401;0;7.061401;P
PCM030;fantastický;3;0.007120383;0.1961074;0.02141324;8.266479;0;8.266479;P
PCM030;spokojený;24;-0.02148229;0.009692401;-0.002701268;8.515991;0;8.515991;P
PCM030;přátelský;21;0.1475458;0.0219593;0.006477632;5.49231;0;5.49231;P
PCM030;pohodový;22;-0.1379858;0.0344075;-0.02880501;6.087524;0;6.087524;P
PCM030;uvolněný;28;-0.1590911;0.001842469;-0.007524567;6.665405;0;6.665405;P
PCM030;příjemný;5;0.03116953;-0.1823457;-0.01949522;12.25867;0;12.25867;P
PCM030;poklidný;25;-0.1501008;0.02794155;-0.02235514;5.30127;0;5.30127;P
PCM030;extrémní;26;-0.03917383;0.01476404;0.004347557;5.779663;0;5.779663;P
PCM030;mohutný;16;-0.1748938;0.005726516;-0.02520212;6.758667;0;6.758667;P
PCM030;neutrální;19;-0.1583493;0.02766359;-0.0264344;5.948853;0;5.948853;P
PCM030;střední;15;-0.01382447;-0.009278953;0.03345864;3.377319;0;3.377319;P
PCM030;běžný;6;-0.00716659;0.01238519;0.008058419;8.605591;0;8.605591;P
PCM030;obyčejný;13;0.1689481;-0.009085655;0.06350119;7.11377;0;7.11377;P
PCM030;prudký;29;-0.05040601;-0.006948262;0.01206931;3.05188;0;3.05188;P
PCM030;zvyklý;1;-0.01384897;-0.02260157;0.0553711;74.84418;1;85.90961;P
PCM030;spící;23;-0.02060908;0.03332809;0.002998754;9.438477;0;9.438477;P
PCM030;depresivní;18;-0.1581642;0.02804017;-0.01865789;3.332886;0;3.332886;P
PCM030;skleslý;20;-0.0142021;-0.1480865;0.01668795;9.377563;0;9.377563;P
PCM030;bezradný;4;0.172531;-0.02678657;0.06091268;14.0874;0;14.0874;P
PCM030;drsný;14;-0.02751667;0.006162375;0.02114397;4.237671;0;4.237671;P
PCM030;zamračený;10;-0.1824784;0.09598856;0.0389104;10.38904;0;10.38904;P
PCM030;pochmurný;12;-0.1635011;0.008953094;0.00233019;5.26123;0;5.26123;P
PCM030;agresivní;30;-0.03976925;0.000562906;0.006307205;2.786011;0;2.786011;P
PCM030;hrozivý;9;-0.1625341;0.1516519;0.02633134;11.26978;0;11.26978;P
PCM030;nepříjemný;7;-0.182309;0.1135223;-0.04074364;7.642822;0;7.642822;P
PCM030;zuřivý;27;-0.02959666;-0.005377769;0.00449995;3.118042;0;3.118042;P
PCM030;nudný;11;-0.02352718;-0.04097763;0.05068001;23.40149;0;23.40149;P
PCM030;nedůvěřivý;2;-0.1517816;0.05275796;0.07165721;52.53052;0;52.53052;P
PCZ031;neutrální;23;0.1523805;-0.09701601;0.1538254;6.405273;0;6.405273;L
PCZ031;poklidný;10;-0.09444926;-0.09520468;0.09151467;10.1084;0;10.1084;L
PCZ031;mohutný;28;-0.009248579;0.03400376;0.117929;7.139648;0;7.139648;L
PCZ031;extrémní;21;0.1796867;0.1503571;-0.1666236;6.271484;0;6.271484;L
PCZ031;prudký;4;0.1426346;0.02023539;-0.107513;11.54297;0;11.54297;L
PCZ031;příjemný;3;-0.05879232;-0.02874476;-0.03105924;4.320313;0;4.320313;L
PCZ031;neuvěřitelný;17;-0.1573989;-0.1728562;0.02426687;8.173828;0;8.173828;L
PCZ031;pohodový;29;0.0380803;0.04861149;-0.09217033;6.188477;0;6.188477;L
PCZ031;přátelský;12;0.04602752;0.137428;-0.1530001;12.45996;0;12.45996;L
PCZ031;spokojený;19;-0.1682333;0.002696306;-0.05404699;6.271484;0;6.271484;L
PCZ031;fantastický;15;-0.01017861;0.167438;-0.1103028;7.439453;0;7.439453;L
PCZ031;nadšený;24;-0.05884245;0.03583074;-0.001764185;5.053711;0;5.053711;L
PCZ031;střední;22;-0.02301076;0.008228809;-0.02972542;3.203125;1;5.271484;L
PCZ031;uvolněný;11;-0.1299582;-0.01013115;0.00297546;9.991211;0;9.991211;L
PCZ031;běžný;6;0.008302984;0.04636756;-0.09139416;12.92773;0;12.92773;L
PCZ031;agresivní;7;-0.03612277;0.02725339;0.01672696;11.59277;1;17.71484;L
PCZ031;spící;18;-0.003537266;-0.1623627;-0.04986692;10.07617;0;10.07617;L
PCZ031;obyčejný;25;0.009047455;-0.0142785;-0.1188206;6.739258;0;6.739258;L
PCZ031;depresivní;27;-0.008281094;-0.1191909;0.1259961;3.436523;0;3.436523;L
PCZ031;skleslý;5;0.1436376;-0.08993319;0.07770471;14.17871;0;14.17871;L
PCZ031;bezradný;2;0.1097773;0.03410816;0.04572937;17.91504;0;17.91504;L
PCZ031;drsný;30;-0.08235487;0.01134935;0.08318723;5.404297;0;5.404297;L
PCZ031;zamračený;20;-0.09281446;-0.02095413;0.008086006;13.64453;0;13.64453;L
PCZ031;pochmurný;26;-0.1228177;-0.1189102;0.1590038;4.470703;0;4.470703;L
PCZ031;hrozivý;16;0.1455353;-0.1545415;0.04531819;6.40625;0;6.40625;L
PCZ031;nepříjemný;14;0.1567581;-0.1346354;0.1215474;6.004883;0;6.004883;L
PCZ031;zuřivý;9;0.03059851;-0.08095706;-0.02885059;6.271484;0;6.271484;L
PCZ031;nudný;13;-0.1015386;-0.1627032;0.1429162;8.774414;0;8.774414;L
PCZ031;zvyklý;1;-0.1291652;-0.0039922;-0.1395337;21.45508;0;21.45508;L
PCZ031;nedůvěřivý;8;-0.07558449;-0.09575653;-0.1722791;12.44434;0;12.44434;L
PCZ33;neutrální;22;2,572623E-05;-0.1091725;0.02150642;6.872559;0;6.872559;P
PCZ33;poklidný;13;0.136392;-0.1774521;-0.1442516;9.541382;0;9.541382;P
PCZ33;mohutný;24;0.005719584;-0.1674227;0.006303235;8.740723;0;8.740723;P
PCZ33;extrémní;3;-0.002688948;0.187025;0.08008292;9.591431;0;9.591431;P
PCZ33;prudký;6;0.00844072;0.08017384;0.1328219;12.3772;0;12.3772;P
PCZ33;příjemný;5;0.1688904;-0.09846461;-0.0559707;12.84399;0;12.84399;P
PCZ33;neuvěřitelný;19;-0.004943482;0.1851072;0.1234851;13.3114;0;13.3114;P
PCZ33;pohodový;20;0.1440901;-0.1578661;-0.1446189;25.6886;0;25.6886;P
PCZ33;přátelský;25;0.1326945;0.1045536;-0.01150877;17.44824;0;17.44824;P
PCZ33;spokojený;4;0.1685632;-0.1185445;-0.1203555;6.805786;0;6.805786;P
PCZ33;fantastický;23;0.1183539;0.1339773;0.07005327;9.374634;0;9.374634;P
PCZ33;nadšený;7;0.1588183;0.1899952;0.03091941;11.14282;0;11.14282;P
PCZ33;střední;18;-0.008929911;-0.04701015;0.03411357;7.272827;0;7.272827;P
PCZ33;uvolněný;29;0.09025412;-0.1960612;-0.1578057;7.506348;0;7.506348;P
PCZ33;běžný;28;-0.004791255;-0.1090047;0.02730894;23.52002;0;23.52002;P
PCZ33;agresivní;12;-0.1525852;0.1922862;0.09992522;12.177;0;12.177;P
PCZ33;spící;9;0.1458841;-0.1984813;-0.1390607;14.44568;0;14.44568;P
PCZ33;skleslý;10;-0.1121662;-0.1920417;-0.1413851;12.51062;0;12.51062;P
PCZ33;bezradný;21;-0.184269;-0.005632281;-0.1405775;16.047;0;16.047;P
PCZ33;drsný;27;-0.1534467;0.09099619;0.05995836;6.522217;0;6.522217;P
PCZ33;pochmurný;2;-0.161572;-0.1986339;-0.122776;13.91174;1;27.38989;P
PCZ33;zamračený;26;-0.1278874;-0.1566655;-0.07574296;11.25952;0;11.25952;P
PCZ33;nedůvěřivý;1;-0.09915878;-0.05516657;0.01284103;85.47607;1;90.48035;P
PCZ33;depresivní;30;-0.1673442;-0.1982073;-0.1663475;5.537964;0;5.537964;P
PCZ33;hrozivý;17;-0.1148998;0.1804371;0.1411435;8.507324;0;8.507324;P
PCZ33;zvyklý;15;0.00983285;-0.1889507;-0.0886877;14.17883;0;14.17883;P
PCZ33;nudný;16;0.003886127;-0.1910476;-0.1541114;10.14197;0;10.14197;P
PCZ33;obyčejný;11;-0.002097192;-0.08254966;-0.04422736;6.672363;0;6.672363;P
PCZ33;nepříjemný;14;-0.09280642;-0.04643959;0.05224249;8.507202;0;8.507202;P
PCZ33;zuřivý;8;-0.1550363;0.1717833;0.1227236;6.989258;0;6.989258;P
PCZ034;střední;12;0.01665147;-0.05166671;0.05213727;27.23999;0;27.23999;P
PCZ034;nadšený;28;0.1585819;0.010809;-0.1127689;9.524658;0;9.524658;P
PCZ034;fantastický;22;0.009943496;0.08573715;-0.06438837;7.589844;0;7.589844;P
PCZ034;spokojený;15;-0.07886738;0.03651986;-0.03709238;19.11621;0;19.11621;P
PCZ034;neuvěřitelný;16;0.1385792;-0.05765265;-0.04107467;21.51831;0;21.51831;P
PCZ034;pohodový;17;-0.04723359;-0.1697108;-0.0704143;9.007813;0;9.007813;P
PCZ034;uvolněný;8;-0.09904169;0.1091785;-0.1536521;10.72583;0;10.72583;P
PCZ034;příjemný;4;0.09516051;0.04842684;-0.16537;20.70117;0;20.70117;P
PCZ034;poklidný;10;0.02096629;-0.09404004;-0.0006522988;14.7959;0;14.7959;P
PCZ034;prudký;26;-0.1153462;-0.1367086;-0.1401554;15.64648;0;15.64648;P
PCZ034;extrémní;21;-0.05856958;-0.04784682;0.03820201;18.64917;0;18.64917;P
PCZ034;mohutný;11;-0.1036699;-0.1606359;-0.1308129;18.38232;0;18.38232;P
PCZ034;neutrální;27;0.005052262;-0.1102475;-0.02218905;8.473877;0;8.473877;P
PCZ034;přátelský;7;-0.1171441;-0.09455532;-0.1386859;10.32544;0;10.32544;P
PCZ034;běžný;6;0.01674955;0.04657987;-0.06278278;7.790039;0;7.790039;P
PCZ034;spící;29;-0.05530125;-0.1760508;-0.07863434;24.03711;1;31.84375;P
PCZ034;obyčejný;18;-0.1201709;-0.1591086;-0.1272066;10.72583;0;10.72583;P
PCZ034;depresivní;19;0.0500133;0.01857677;-0.03928594;18.98267;0;18.98267;P
PCZ034;skleslý;5;-0.05734336;-0.06069642;0.05895685;11.74341;0;11.74341;P
PCZ034;bezradný;13;0.1452839;-0.12854;-0.1297005;11.86011;0;11.86011;P
PCZ034;pochmurný;23;-0.1088955;-0.1933893;-0.09331232;8.77417;0;8.77417;P
PCZ034;zamračený;20;-0.1078743;-0.1649141;0.01267988;7.272705;0;7.272705;P
PCZ034;drsný;30;0.1119499;-0.06644791;0.06865765;25.17139;0;25.17139;P
PCZ034;agresivní;14;0.08386299;0.000481993;0.0859997;16.38062;0;16.38062;P
PCZ034;hrozivý;1;0.09768634;-0.07599711;0.04585098;12.19702;0;12.19702;P
PCZ034;nepříjemný;24;-0.1276849;-0.06109518;-0.02423092;10.32544;0;10.32544;P
PCZ034;zuřivý;25;0.1298382;-0.04755396;0.0002415207;18.58252;0;18.58252;P
PCZ034;nudný;3;-0.1735426;-0.1359254;-0.06590755;9.80835;0;9.80835;P
PCZ034;zvyklý;9;0.1295438;0.04866093;-0.07443077;15.59644;0;15.59644;P
PCZ034;nedůvěřivý;2;0.158272;-0.02586338;0.07385932;22.0354;0;22.0354;P
PCZ035;poklidný;22;0.08748691;-0.01982191;-0.05983551;5.321198;0;5.321198;P
PCZ035;neutrální;13;0.01045122;-0.02450821;0.0463444;6.922577;0;6.922577;P
PCZ035;mohutný;8;0.01041876;0.04325598;-0.02221369;7.606476;0;7.606476;P
PCZ035;extrémní;28;0.01393169;0.106711;-0.04330394;5.454651;0;5.454651;P
PCZ035;prudký;27;0.02133692;-0.1243167;-0.144254;3.536377;0;3.536377;P
PCZ035;příjemný;6;0.04347415;0.09133057;0.02492786;8.807526;0;8.807526;P
PCZ035;střední;14;0.06943096;-0.05508676;-0.06375388;6.322052;0;6.322052;P
PCZ035;pohodový;16;0.1125421;-0.002664804;-0.09536245;6.121887;0;6.121887;P
PCZ035;přátelský;11;0.01439998;-0.0269269;-0.1180019;5.73822;0;5.73822;P
PCZ035;spokojený;30;0.07137161;0.01607144;0.05948064;5.855042;0;5.855042;P
PCZ035;fantastický;1;0.02060588;0.09698765;-0.1334455;11.71332;0;11.71332;P
PCZ035;nadšený;19;-0.06747925;0.06696294;-0.09273469;10.7258;0;10.7258;P
PCZ035;neuvěřitelný;9;-0.04715228;0.07231419;0.1727764;10.37552;0;10.37552;P
PCZ035;uvolněný;3;0.01766111;-0.001926631;-0.02411326;10.30878;0;10.30878;P
PCZ035;běžný;24;0.01346286;0.03484631;-0.0523851;6.055176;0;6.055176;P
PCZ035;agresivní;29;-0.08091397;0.04008752;-0.1158343;8.056885;0;8.056885;P
PCZ035;spící;5;-0.07383239;-0.05293939;0.05126769;6.505524;0;6.505524;P
PCZ035;depresivní;23;0.005446585;-0.1876154;0.1745252;5.855011;0;5.855011;P
PCZ035;skleslý;4;0.131924;-0.1538321;0.07108366;8.140259;0;8.140259;P
PCZ035;bezradný;18;-0.07453907;-0.1642445;0.1076326;6.13858;0;6.13858;P
PCZ035;drsný;7;-0.0001182553;0.04077217;0.1527418;6.505524;0;6.505524;P
PCZ035;pochmurný;25;0.08327319;0.05184345;0.07098302;7.856628;0;7.856628;P
PCZ035;zamračený;10;0.006825109;-0.003634125;0.1529012;11.22623;0;11.22623;P
PCZ035;obyčejný;26;-0.05167827;-0.1340783;-0.05985144;5.938416;0;5.938416;P
PCZ035;hrozivý;12;-0.05705165;-0.1914182;0.187543;8.640686;0;8.640686;P
PCZ035;nepříjemný;15;-0.1064534;-0.105674;0.01437341;7.723267;0;7.723267;P
PCZ035;zuřivý;17;0.08306718;-0.02775201;0.02807407;6.722382;0;6.722382;P
PCZ035;nudný;20;-0.004945905;-0.123107;0.08833303;8.657379;0;8.657379;P
PCZ035;zvyklý;2;-0.07900612;-0.03593493;0.09927452;10.57568;0;10.57568;P
PCZ035;nedůvěřivý;21;-0.06463037;-0.01997137;0.1034718;8.790833;0;8.790833;P
PCZ036;extrémní;10;-0.00904997;0.1511181;-0.04083334;9.708252;0;9.708252;P
PCZ036;mohutný;8;-0.002515127;0.1260916;0.05243929;7.322876;0;7.322876;P
PCZ036;prudký;12;-0.07534223;0.1136252;0.01867717;7.256226;0;7.256226;P
PCZ036;poklidný;20;-0.0124846;0.06898998;-0.04441495;6.271973;0;6.271973;P
PCZ036;příjemný;21;0.05795967;0.1270482;-0.1915983;6.105103;0;6.105103;P
PCZ036;uvolněný;9;0.1178051;0.0008407831;-0.1280059;7.656616;0;7.656616;P
PCZ036;spokojený;22;0.002699977;0.138889;-0.1467686;4.937622;0;4.937622;P
PCZ036;přátelský;5;0.1021191;0.1661575;0.0008869646;7.122681;0;7.122681;P
PCZ036;neutrální;2;-0.01399008;0.02013859;-0.01622732;6.121826;0;6.121826;P
PCZ036;fantastický;16;0.158229;0.1839062;-0.110873;4.720581;0;4.720581;P
PCZ036;nadšený;6;0.1381379;0.1146175;-0.1725695;5.988403;0;5.988403;P
PCZ036;neuvěřitelný;28;0.1012405;0.1933544;-0.02827553;7.739868;0;7.739868;P
PCZ036;pohodový;15;0.1195057;0.04018083;-0.1711826;5.404663;0;5.404663;P
PCZ036;střední;27;-0.005291495;0.03303215;-0.0259084;4.704102;0;4.704102;P
PCZ036;běžný;30;-0.008354486;0.009294242;-0.1365092;8.207031;0;8.207031;P
PCZ036;depresivní;1;-0.1972515;0.09272568;-0.0447321;29.11145;0;29.11145;P
PCZ036;obyčejný;25;-0.01032327;0.09192298;-0.09858729;7.106079;0;7.106079;P
PCZ036;skleslý;19;-0.1929911;-0.03156507;0.02582226;6.722412;0;6.722412;P
PCZ036;bezradný;24;-0.1257918;-0.06022537;-0.03394825;6.872559;0;6.872559;P
PCZ036;drsný;3;-0.1079805;-0.1496671;0.06760136;8.574097;0;8.574097;P
PCZ036;zamračený;18;-0.1871729;-0.05394033;-0.03694239;6.13855;0;6.13855;P
PCZ036;nedůvěřivý;14;-0.1181601;0.0970078;0.03945743;10.30884;0;10.30884;P
PCZ036;pochmurný;13;-0.1768434;-0.01069343;-0.09376588;5.671509;0;5.671509;P
PCZ036;hrozivý;4;-0.1830138;-0.06061697;-0.04899622;7.523071;0;7.523071;P
PCZ036;nepříjemný;29;-0.1114322;0.1446725;0.02526516;7.773315;0;7.773315;P
PCZ036;zuřivý;23;-0.1444094;0.1610224;-0.02015412;7.055908;0;7.055908;P
PCZ036;nudný;11;-0.008775881;-0.1694068;0.1079578;6.605713;0;6.605713;P
PCZ036;zvyklý;7;-0.0008450115;-0.1215555;-0.1305376;6.522217;1;10.45886;P
PCZ036;spící;26;-0.01867086;-0.1596826;-0.1612392;7.40625;0;7.40625;P
PCZ036;agresivní;17;-0.17287;0.01160172;-0.09669425;6.322021;0;6.322021;P
PCZ037;prudký;14;0.003651171;-0.08912987;-0.1344093;4.669922;0;4.669922;L
PCZ037;střední;27;0.01415421;-0.04326746;0.01578858;4.537109;0;4.537109;L
PCZ037;neutrální;29;0.01430807;-0.04880315;0.02546018;10.05859;0;10.05859;L
PCZ037;mohutný;20;0.01917853;0.04885539;0.01338996;10.19238;0;10.19238;L
PCZ037;extrémní;30;0.0445913;0.1340194;0.03766915;7.523438;0;7.523438;L
PCZ037;poklidný;15;0.009881402;-0.08478504;-0.002878047;4.670898;0;4.670898;L
PCZ037;běžný;8;0.0173313;0.05644701;-0.02563258;5.738281;0;5.738281;L
PCZ037;uvolněný;12;0.01182119;-0.1013927;-0.04223057;7.65625;0;7.65625;L
PCZ037;pohodový;11;0.1323419;-0.01750433;-0.00435688;7.790039;0;7.790039;L
PCZ037;přátelský;16;0.106993;-0.04295796;-0.05765883;6.588867;0;6.588867;L
PCZ037;spokojený;3;0.01356928;0.01718536;0.01249908;4.270508;0;4.270508;L
PCZ037;fantastický;25;0.00479846;0.1389162;0.04489719;6.722656;0;6.722656;L
PCZ037;nadšený;18;0.01308515;0.05297486;0.05899843;12.92773;0;12.92773;L
PCZ037;příjemný;13;0.02710795;-0.02735105;-0.02396328;6.922852;0;6.922852;L
PCZ037;neuvěřitelný;1;0.06849409;0.03648621;0.06241829;14.88281;0;14.88281;L
PCZ037;obyčejný;23;0.007755165;-0.03185168;-0.01095629;5.1875;0;5.1875;L
PCZ037;zvyklý;17;-0.04601267;-0.07550973;-0.01980168;4.520508;0;4.520508;L
PCZ037;depresivní;5;-0.1102986;-0.07787973;-0.008568656;5.337891;0;5.337891;L
PCZ037;skleslý;22;-0.02226695;-0.1174186;0.02993566;6.789063;0;6.789063;L
PCZ037;bezradný;10;-0.08575527;-0.06696025;-0.1108596;6.672852;0;6.672852;L
PCZ037;drsný;2;-0.07438602;-0.09228605;0.06056807;9.375;0;9.375;L
PCZ037;pochmurný;4;0.0066549;-0.1460273;-0.006709182;7.255859;0;7.255859;L
PCZ037;zamračený;7;0.009793486;-0.02634731;0.02722933;10.75879;0;10.75879;L
PCZ037;spící;19;0.01017951;-0.06204003;0.04641809;5.720703;0;5.720703;L
PCZ037;agresivní;28;0.1037092;0.05440532;-0.02100651;9.525391;0;9.525391;L
PCZ037;hrozivý;24;0.1407809;-0.02225232;0.03617083;8.923828;0;8.923828;L
PCZ037;nepříjemný;26;0.003321377;-0.1262159;-0.06225488;11.92676;0;11.92676;L
PCZ037;zuřivý;21;0.1600874;0.02598062;0.02122609;8.389648;0;8.389648;L
PCZ037;nudný;9;-0.03514122;-0.05467635;-0.06555561;6.722656;0;6.722656;L
PCZ037;nedůvěřivý;6;0.1001439;-0.00117588;0.04722714;10.25879;0;10.25879;L
PCZ038;střední;19;0.002536545;-0.1484914;0.09333284;5.87207;0;5.87207;P
PCZ038;neutrální;7;0.01262993;-0.1839662;-0.001188509;15.33008;0;15.33008;P
PCZ038;mohutný;11;0.01907844;0.1129724;-0.03221866;6.322266;0;6.322266;P
PCZ038;extrémní;27;-0.06728199;-0.03268841;0.00257422;7.123047;0;7.123047;P
PCZ038;prudký;8;0.09744672;-0.1205985;0.03801118;10.5918;0;10.5918;P
PCZ038;poklidný;23;-0.09432289;-0.0598326;-0.1715441;7.389648;0;7.389648;P
PCZ038;pohodový;24;0.002422871;-0.08647466;-0.1315934;4.871094;0;4.871094;P
PCZ038;uvolněný;30;-0.0796675;-0.07828337;-0.08965316;4.920898;0;4.920898;P
PCZ038;přátelský;16;0.000620943;0.06116377;-0.003085251;5.521484;0;5.521484;P
PCZ038;spokojený;21;-0.07446991;-0.009368241;-0.08155218;8.791016;0;8.791016;P
PCZ038;fantastický;18;-0.009946417;0.04280007;-0.1005016;12.24414;0;12.24414;P
PCZ038;běžný;4;-0.1553394;-0.1779519;-0.1718935;17.04785;0;17.04785;P
PCZ038;neuvěřitelný;2;0.007322527;0.0297825;0.008989865;25.57129;0;25.57129;P
PCZ038;příjemný;15;-0.1163084;-0.1647089;-0.1366663;5.654297;0;5.654297;P
PCZ038;nadšený;6;0.0351622;0.08273046;-0.1832422;12.91113;0;12.91113;P
PCZ038;obyčejný;13;-0.06886218;0.03295088;-0.05646392;19.7832;0;19.7832;P
PCZ038;zvyklý;1;0.004150792;-0.1099333;-0.08069026;25.80859;0;25.80859;P
PCZ038;spící;29;0.1042215;-0.1545992;-0.1136891;5.670898;0;5.670898;P
PCZ038;depresivní;28;0.01291111;-0.1177957;0.07458855;5.321289;0;5.321289;P
PCZ038;skleslý;10;0.04559435;-0.1093818;0.06810861;12.06055;1;14.39648;P
PCZ038;bezradný;9;-0.1399998;-0.1301633;0.06478967;6.254883;0;6.254883;P
PCZ038;pochmurný;14;0.1172624;-0.1594374;-0.1186918;7.389648;0;7.389648;P
PCZ038;zamračený;22;0.02799926;-0.1037389;-0.07025394;12.12695;0;12.12695;P
PCZ038;drsný;3;0.1384289;-0.08476815;-0.02866692;20.65039;0;20.65039;P
PCZ038;agresivní;12;0.1269231;-0.1052184;0.03818582;6.655273;0;6.655273;P
PCZ038;hrozivý;26;0.01558286;-0.07400566;-0.04279679;4.669922;0;4.669922;P
PCZ038;nepříjemný;25;0.1050463;-0.07327828;0.01787505;4.987305;0;4.987305;P
PCZ038;zuřivý;17;0.1367112;-0.1438561;0.08420386;5.988281;0;5.988281;P
PCZ038;nudný;5;-0.1707639;-0.1691777;0.04954857;17.11523;0;17.11523;P
PCZ038;nedůvěřivý;20;0.06537832;-0.06172082;-0.1195662;8.791016;0;8.791016;P
PCM039;prudký;10;-0.08886969;0.1514871;0.08162837;6.388794;0;6.388794;P
PCM039;střední;17;0.001697858;-0.134076;-0.0325553;8.590637;0;8.590637;P
PCM039;neutrální;25;0.005533494;-0.1207898;-0.03291854;3.803223;0;3.803223;P
PCM039;mohutný;21;-0.1673105;0.06928514;0.02997186;11.44305;0;11.44305;P
PCM039;extrémní;5;0.1464182;0.1219453;0.1523701;8.073547;0;8.073547;P
PCM039;poklidný;12;0.008685719;0.05887119;0.04632185;7.656494;0;7.656494;P
PCM039;běžný;24;0.009381041;-0.06756678;0.03025584;5.521362;0;5.521362;P
PCM039;uvolněný;19;-0.1347307;0.146943;0.09325675;4.320374;0;4.320374;P
PCM039;pohodový;27;0.0008299349;0.1437207;-0.08128261;5.471313;0;5.471313;P
PCM039;přátelský;3;-0.1018243;0.08916812;-0.001538885;9.257874;0;9.257874;P
PCM039;spokojený;8;0.0009969115;0.1162127;-0.01460398;11.25958;0;11.25958;P
PCM039;fantastický;26;-0.07345463;0.1300911;0.1404179;6.271973;0;6.271973;P
PCM039;příjemný;9;0.008598699;0.1530511;-0.07188921;5.654846;0;5.654846;P
PCM039;obyčejný;28;0.002042365;-0.07301006;0.03302252;2.268616;0;2.268616;P
PCM039;nadšený;29;0.005800473;0.1757544;0.09010606;5.521362;0;5.521362;P
PCM039;zvyklý;14;0.002566333;-0.07090107;0.01303357;1.868225;0;1.868225;P
PCM039;nudný;1;0.1252443;-0.1080331;0.1060625;11.72998;0;11.72998;P
PCM039;zuřivý;23;0.002322989;0.1529916;0.1063684;5.337891;0;5.337891;P
PCM039;nepříjemný;16;0.1592285;-0.1060653;0.1436602;7.389648;0;7.389648;P
PCM039;hrozivý;13;0.06170249;-0.137113;-0.0861473;9.658203;0;9.658203;P
PCM039;agresivní;22;-0.1410214;0.07759844;0.1741277;5.070984;0;5.070984;P
PCM039;nedůvěřivý;6;0.1660232;-0.04242459;0.05415571;13.64496;0;13.64496;P
PCM039;zamračený;2;0.1626112;-0.1425288;0.1618497;7.789917;0;7.789917;P
PCM039;pochmurný;4;-0.1148431;-0.1197315;0.1295687;6.322021;0;6.322021;P
PCM039;drsný;20;0.003804701;0.1090117;0.1465335;6.472229;0;6.472229;P
PCM039;bezradný;18;-0.1414804;-0.060467;0.113003;7.189514;0;7.189514;P
PCM039;skleslý;11;0.05580075;-0.07692274;0.1618529;4.804138;0;4.804138;P
PCM039;depresivní;30;-0.07489316;-0.1465211;-0.1078088;13.66162;0;13.66162;P
PCM039;spící;15;-0.09479051;-0.004970878;-0.07922371;11.92682;1;15.52985;P
PCM039;neuvěřitelný;7;-0.1084985;0.1532574;0.06250796;6.388733;0;6.388733;P
